mV,log |µA/cm2|
-1.59E+02,0.245421358
-1.58E+02,-0.005874032
-1.58E+02,-0.176397653
-1.57E+02,-0.293346556
-1.57E+02,-0.386938495
-1.56E+02,-0.465181839
-1.55E+02,-0.529506745
-1.55E+02,-0.588757688
-1.54E+02,-0.64530278
-1.54E+02,-0.694922839
-1.53E+02,-0.742566955
-1.53E+02,-0.780766614
-1.52E+02,-0.820044549
-1.51E+02,-0.865263326
-1.51E+02,-0.908643313
-1.50E+02,-0.953660554
-1.49E+02,-0.978047014
-1.49E+02,-1.013387641
-1.48E+02,-1.063755161
-1.48E+02,-1.09530571
-1.47E+02,-1.130425382
-1.46E+02,-1.164315135
-1.46E+02,-1.210727775
-1.45E+02,-1.25501942
-1.45E+02,-1.282278666
-1.44E+02,-1.321856715
-1.43E+02,-1.389674628
-1.43E+02,-1.415436988
-1.42E+02,-1.463540295
-1.42E+02,-1.510426372
-1.41E+02,-1.590240967
-1.40E+02,-1.607148873
-1.40E+02,-1.686386262
-1.39E+02,-1.80072764
-1.39E+02,-1.896695149
-1.38E+02,-2.050905023
-1.37E+02,-2.135983893
-1.37E+02,-2.177246802
-1.36E+02,-2.72059362
-1.36E+02,-3.007324429
-1.35E+02,-2.348145281
-1.34E+02,-2.380835789
-1.34E+02,-2.068600056
-1.33E+02,-1.99185011
-1.33E+02,-1.862072062
-1.32E+02,-1.9076138
-1.31E+02,-1.874149985
-1.31E+02,-1.747804489
-1.30E+02,-1.740737104
-1.30E+02,-1.695615689
-1.29E+02,-1.648330252
-1.28E+02,-1.58993154
-1.28E+02,-1.58183681
-1.27E+02,-1.558531416
-1.27E+02,-1.529318343
-1.26E+02,-1.501809962
-1.25E+02,-1.478673327
-1.25E+02,-1.476787758
-1.24E+02,-1.463266234
-1.24E+02,-1.454113839
-1.23E+02,-1.43274666
-1.22E+02,-1.439239862
-1.22E+02,-1.42877848
-1.21E+02,-1.411068219
-1.20E+02,-1.394846391
-1.20E+02,-1.353100305
-1.19E+02,-1.355604842
-1.19E+02,-1.352505145
-1.18E+02,-1.353293648
-1.18E+02,-1.364916753
-1.17E+02,-1.315856986
-1.16E+02,-1.323111139
-1.16E+02,-1.297424895
-1.15E+02,-1.309642198
-1.15E+02,-1.283061675
-1.14E+02,-1.286177017
-1.13E+02,-1.27289643
-1.13E+02,-1.279457859
-1.12E+02,-1.268922859
-1.11E+02,-1.272409054
-1.11E+02,-1.252256033
-1.10E+02,-1.234089931
-1.09E+02,-1.244892542
-1.09E+02,-1.247474705
-1.08E+02,-1.234907659
-1.08E+02,-1.238080126
-1.07E+02,-1.230374503
-1.06E+02,-1.206391261
-1.06E+02,-1.204524308
-1.05E+02,-1.211683824
-1.05E+02,-1.197166845
-1.04E+02,-1.213748233
-1.03E+02,-1.206619735
-1.03E+02,-1.198417189
-1.02E+02,-1.212151101
-1.02E+02,-1.197236671
-1.01E+02,-1.181965885
-1.01E+02,-1.17758613
-9.99E+01,-1.190430926
-9.93E+01,-1.181727511
-9.87E+01,-1.166474815
-9.81E+01,-1.177420256
-9.74E+01,-1.165524997
-9.69E+01,-1.165780403
-9.63E+01,-1.170286639
-9.57E+01,-1.165604859
-9.51E+01,-1.153867525
-9.45E+01,-1.156684857
-9.39E+01,-1.156599331
-9.32E+01,-1.155466848
-9.27E+01,-1.143633797
-9.21E+01,-1.153990588
-9.15E+01,-1.148640491
-9.08E+01,-1.159419704
-9.03E+01,-1.137263655
-8.97E+01,-1.126352783
-8.90E+01,-1.135399281
-8.84E+01,-1.128566423
-8.79E+01,-1.127131486
-8.73E+01,-1.135381427
-8.67E+01,-1.123556524
-8.61E+01,-1.119049569
-8.56E+01,-1.126942031
-8.49E+01,-1.130334144
-8.44E+01,-1.120695629
-8.37E+01,-1.125019812
-8.31E+01,-1.118315721
-8.25E+01,-1.121112827
-8.19E+01,-1.103348583
-8.13E+01,-1.11213845
-8.07E+01,-1.114056774
-8.01E+01,-1.10547753
-7.95E+01,-1.106579651
-7.89E+01,-1.111046377
-7.83E+01,-1.115066895
-7.77E+01,-1.095450795
-7.71E+01,-1.102930868
-7.65E+01,-1.101093188
-7.59E+01,-1.106795968
-7.53E+01,-1.112028883
-7.47E+01,-1.101501237
-7.41E+01,-1.105219037
-7.35E+01,-1.10385335
-7.29E+01,-1.097860583
-7.23E+01,-1.091522166
-7.17E+01,-1.091585278
-7.11E+01,-1.101116812
-7.05E+01,-1.096117931
-6.99E+01,-1.087368826
-6.93E+01,-1.071745163
-6.88E+01,-1.087687745
-6.81E+01,-1.0890412
-6.75E+01,-1.080869848
-6.69E+01,-1.083212326
-6.63E+01,-1.078866132
-6.57E+01,-1.089017477
-6.51E+01,-1.08332717
-6.45E+01,-1.079063082
-6.39E+01,-1.076161022
-6.33E+01,-1.087593261
-6.27E+01,-1.074248936
-6.21E+01,-1.075492097
-6.15E+01,-1.077254929
-6.09E+01,-1.060997766
-6.03E+01,-1.069983182
-5.97E+01,-1.0773187
-5.91E+01,-1.080699533
-5.85E+01,-1.067536991
-5.79E+01,-1.071699621
-5.73E+01,-1.07458136
-5.67E+01,-1.074947686
-5.61E+01,-1.072486231
-5.55E+01,-1.074952434
-5.49E+01,-1.079740926
-5.43E+01,-1.062258549
-5.37E+01,-1.062551721
-5.31E+01,-1.066059066
-5.25E+01,-1.072958357
-5.19E+01,-1.059352997
-5.13E+01,-1.055970217
-5.07E+01,-1.054634141
-5.01E+01,-1.05602906
-4.95E+01,-1.061685312
-4.89E+01,-1.058985856
-4.83E+01,-1.056600663
-4.77E+01,-1.060415059
-4.71E+01,-1.054623798
-4.65E+01,-1.057018284
-4.59E+01,-1.055396137
-4.53E+01,-1.050763927
-4.47E+01,-1.058484542
-4.41E+01,-1.054065709
-4.35E+01,-1.054331548
-4.29E+01,-1.04129386
-4.23E+01,-1.053548177
-4.17E+01,-1.045237132
-4.11E+01,-1.050577544
-4.05E+01,-1.057779964
-3.99E+01,-1.042152983
-3.93E+01,-1.054290256
-3.87E+01,-1.043065936
-3.81E+01,-1.037926199
-3.75E+01,-1.042649008
-3.69E+01,-1.034598654
-3.63E+01,-1.037383608
-3.57E+01,-1.02590189
-3.51E+01,-1.037309301
-3.45E+01,-1.033424753
-3.39E+01,-1.034911851
-3.33E+01,-1.027601218
-3.27E+01,-1.036853372
-3.21E+01,-1.029432406
-3.15E+01,-1.027589093
-3.09E+01,-1.042032211
-3.03E+01,-1.033413074
-2.97E+01,-1.036472025
-2.91E+01,-1.024172543
-2.85E+01,-1.034599877
-2.79E+01,-1.024140083
-2.73E+01,-1.027923903
-2.67E+01,-1.024748794
-2.61E+01,-1.024372504
-2.54E+01,-1.026759475
-2.49E+01,-1.016511148
-2.43E+01,-1.024988167
-2.37E+01,-1.029217885
-2.31E+01,-1.022374648
-2.25E+01,-1.024492139
-2.19E+01,-1.018074621
-2.13E+01,-1.005363646
-2.07E+01,-1.014300101
-2.01E+01,-1.02364438
-1.95E+01,-1.004986511
-1.89E+01,-1.008205681
-1.83E+01,-1.004157666
-1.77E+01,-1.014751727
-1.71E+01,-1.001064456
-1.64E+01,-1.019345993
-1.59E+01,-1.018231528
-1.52E+01,-1.01122092
-1.47E+01,-1.008495223
-1.41E+01,-1.014116432
-1.35E+01,-1.008403691
-1.28E+01,-1.000257787
-1.23E+01,-1.010128819
-1.17E+01,-1.004396874
-1.11E+01,-0.99930395
-1.05E+01,-0.993468925
-9.91E+00,-0.989108381
-9.33E+00,-0.991919589
-8.70E+00,-0.994460871
-8.10E+00,-0.986008161
-7.47E+00,-0.988877614
-6.91E+00,-0.993637088
-6.28E+00,-0.986051056
-5.69E+00,-0.991295525
-5.09E+00,-0.987116818
-4.47E+00,-0.99655584
-3.92E+00,-0.98970895
-3.28E+00,-0.985526925
-2.69E+00,-0.98841391
-2.09E+00,-0.98962795
-1.47E+00,-0.978470017
-8.96E-01,-0.988857719
-3.20E-01,-0.987106279
3.31E-01,-0.986348499
9.20E-01,-0.983433778
1.47E+00,-0.98485493
2.11E+00,-0.985455521
2.69E+00,-0.973855037
3.33E+00,-0.980991361
3.91E+00,-0.965338261
4.53E+00,-0.986042224
5.09E+00,-0.979686376
5.75E+00,-0.972915536
6.30E+00,-0.975470823
6.92E+00,-0.971298235
7.50E+00,-0.969452494
8.10E+00,-0.968097731
8.72E+00,-0.981249169
9.30E+00,-0.968730532
9.90E+00,-0.960792964
1.05E+01,-0.966977348
1.11E+01,-0.968252313
1.17E+01,-0.972458366
1.23E+01,-0.96016369
1.29E+01,-0.970056465
1.35E+01,-0.962511749
1.41E+01,-0.95984009
1.47E+01,-0.96084098
1.53E+01,-0.965656756
1.59E+01,-0.961510583
1.65E+01,-0.957923248
1.71E+01,-0.956658946
1.77E+01,-0.953254008
1.84E+01,-0.946249113
1.89E+01,-0.947096463
1.95E+01,-0.952030428
2.01E+01,-0.949082253
2.07E+01,-0.945391541
2.13E+01,-0.938995241
2.19E+01,-0.93865196
2.25E+01,-0.946812036
2.32E+01,-0.94795587
2.37E+01,-0.945408776
2.43E+01,-0.935737862
2.49E+01,-0.942597519
2.55E+01,-0.934138813
2.61E+01,-0.936567181
2.67E+01,-0.934810691
2.74E+01,-0.929310626
2.79E+01,-0.932012029
2.85E+01,-0.931667913
2.91E+01,-0.940282505
2.97E+01,-0.929411022
3.03E+01,-0.933377439
3.09E+01,-0.923997451
3.15E+01,-0.929081501
3.22E+01,-0.923612999
3.27E+01,-0.921711422
3.33E+01,-0.920631686
3.39E+01,-0.926510402
3.45E+01,-0.925772523
3.52E+01,-0.918653052
3.57E+01,-0.91546054
3.63E+01,-0.919955367
3.69E+01,-0.917972974
3.75E+01,-0.913345519
3.81E+01,-0.908858734
3.87E+01,-0.911351215
3.93E+01,-0.910600801
3.99E+01,-0.91136715
4.05E+01,-0.913509545
4.12E+01,-0.903878687
4.17E+01,-0.911924185
4.23E+01,-0.904449195
4.29E+01,-0.909407271
4.35E+01,-0.906572711
4.41E+01,-0.904863789
4.47E+01,-0.901546644
4.53E+01,-0.899552943
4.59E+01,-0.90186215
4.66E+01,-0.89492535
4.71E+01,-0.890107741
4.77E+01,-0.888456227
4.83E+01,-0.891049221
4.89E+01,-0.890760045
4.95E+01,-0.886154876
5.01E+01,-0.880834873
5.07E+01,-0.881083495
5.13E+01,-0.887888552
5.19E+01,-0.886130818
5.25E+01,-0.886795911
5.31E+01,-0.880122485
5.37E+01,-0.877341531
5.43E+01,-0.880592662
5.49E+01,-0.875249679
5.55E+01,-0.88038158
5.61E+01,-0.875707431
5.67E+01,-0.879025847
5.73E+01,-0.872461772
5.79E+01,-0.873894255
5.85E+01,-0.874840264
5.91E+01,-0.873807529
5.97E+01,-0.866428521
6.03E+01,-0.863863111
6.09E+01,-0.870595328
6.15E+01,-0.861570664
6.21E+01,-0.865334665
6.27E+01,-0.861618662
6.33E+01,-0.863210649
6.39E+01,-0.857397506
6.45E+01,-0.860591969
6.51E+01,-0.859045322
6.57E+01,-0.85516436
6.63E+01,-0.862609488
6.69E+01,-0.858185698
6.75E+01,-0.856988324
6.81E+01,-0.85474764
6.87E+01,-0.847099182
6.93E+01,-0.844991781
6.99E+01,-0.846258591
7.05E+01,-0.844113092
7.11E+01,-0.842791125
7.17E+01,-0.836867559
7.23E+01,-0.845059259
7.29E+01,-0.843151731
7.35E+01,-0.840728853
7.41E+01,-0.841174507
7.47E+01,-0.841936188
7.53E+01,-0.834307955
7.59E+01,-0.832802334
7.65E+01,-0.830840972
7.71E+01,-0.83075596
7.77E+01,-0.832109302
7.84E+01,-0.830962194
7.89E+01,-0.832555055
7.95E+01,-0.825423884
8.01E+01,-0.824441803
8.07E+01,-0.827154014
8.13E+01,-0.819454662
8.19E+01,-0.826048707
8.25E+01,-0.828657709
8.31E+01,-0.820291983
8.37E+01,-0.814465494
8.43E+01,-0.819799263
8.49E+01,-0.826088279
8.55E+01,-0.815229665
8.61E+01,-0.815669496
8.67E+01,-0.814681141
8.73E+01,-0.813712281
8.80E+01,-0.815348878
8.86E+01,-0.809769462
8.93E+01,-0.811731752
8.98E+01,-0.811279578
9.04E+01,-0.806175527
9.11E+01,-0.805284791
9.16E+01,-0.798148061
9.23E+01,-0.800244274
9.28E+01,-0.800075415
9.34E+01,-0.800678786
9.40E+01,-0.797109724
9.46E+01,-0.794844646
9.52E+01,-0.793526828
9.58E+01,-0.799367251
9.64E+01,-0.785841766
9.70E+01,-0.789228691
9.76E+01,-0.786953715
9.82E+01,-0.786950524
9.88E+01,-0.781902949
9.94E+01,-0.774733633
1.00E+02,-0.773287476
1.01E+02,-0.778950827
1.01E+02,-0.77817644
1.02E+02,-0.767807951
1.02E+02,-0.766938115
1.03E+02,-0.764953079
1.04E+02,-0.766814467
1.04E+02,-0.764997317
1.05E+02,-0.765889362
1.05E+02,-0.772034924
1.06E+02,-0.76674466
1.07E+02,-0.771001999
1.07E+02,-0.767391372
1.08E+02,-0.763608871
1.08E+02,-0.764526348
1.09E+02,-0.764153776
1.10E+02,-0.761182141
1.10E+02,-0.763736148
1.11E+02,-0.765089347
1.11E+02,-0.751461047
1.12E+02,-0.753329853
1.13E+02,-0.751725531
1.13E+02,-0.751729699
1.14E+02,-0.754394561
1.14E+02,-0.750027942
1.15E+02,-0.749390706
1.16E+02,-0.750856453
1.16E+02,-0.747155946
1.17E+02,-0.750413765
1.17E+02,-0.750591519
1.18E+02,-0.745242681
1.19E+02,-0.745112016
1.19E+02,-0.7407077
1.20E+02,-0.737330394
1.20E+02,-0.747244029
1.21E+02,-0.738832567
1.22E+02,-0.739785939
1.22E+02,-0.738423363
1.23E+02,-0.735101698
1.23E+02,-0.73577927
1.24E+02,-0.729546636
1.25E+02,-0.72986408
1.25E+02,-0.73104242
1.26E+02,-0.727486802
1.26E+02,-0.722966636
1.27E+02,-0.720000847
1.28E+02,-0.720257335
1.28E+02,-0.71423437
1.29E+02,-0.713016589
1.29E+02,-0.713763653
1.30E+02,-0.71478396
1.31E+02,-0.71347527
1.31E+02,-0.710455639
1.32E+02,-0.707250753
1.32E+02,-0.713267188
1.33E+02,-0.711464842
1.34E+02,-0.713647064
1.34E+02,-0.716501574
1.35E+02,-0.709955812
1.35E+02,-0.712136712
1.36E+02,-0.710327674
1.37E+02,-0.708456889
1.37E+02,-0.708821028
1.38E+02,-0.702773441
1.38E+02,-0.700078652
1.39E+02,-0.699073162
1.40E+02,-0.699484514
1.40E+02,-0.697601746
1.41E+02,-0.698588644
1.41E+02,-0.696066269
1.42E+02,-0.689987439
1.43E+02,-0.691055878
1.43E+02,-0.690616642
1.44E+02,-0.689350013
1.44E+02,-0.687179086
1.45E+02,-0.687516502
1.46E+02,-0.687694194
1.46E+02,-0.684199629
1.47E+02,-0.680977267
1.47E+02,-0.68708273
1.48E+02,-0.679357779
1.49E+02,-0.680902273
1.49E+02,-0.677223305
1.50E+02,-0.674201809
1.50E+02,-0.674125105
1.51E+02,-0.672733248
1.52E+02,-0.66640785
1.52E+02,-0.672856734
1.53E+02,-0.671808632
1.53E+02,-0.671737855
1.54E+02,-0.670143049
1.55E+02,-0.661554464
1.55E+02,-0.6640443
1.56E+02,-0.660273559
1.56E+02,-0.663408397
1.57E+02,-0.659360992
1.58E+02,-0.659271406
1.58E+02,-0.655962971
1.59E+02,-0.65959535
1.59E+02,-0.6567624
1.60E+02,-0.653309894
1.61E+02,-0.657916399
1.61E+02,-0.649572485
1.62E+02,-0.652741625
1.62E+02,-0.645987654
1.63E+02,-0.646524632
1.64E+02,-0.645770705
1.64E+02,-0.643844448
1.65E+02,-0.645394521
1.65E+02,-0.642984239
1.66E+02,-0.636905345
1.67E+02,-0.639221095
1.67E+02,-0.640055484
1.68E+02,-0.63824403
1.68E+02,-0.632370355
1.69E+02,-0.633486271
1.70E+02,-0.634353489
1.70E+02,-0.630607677
1.71E+02,-0.628069396
1.72E+02,-0.627987881
1.72E+02,-0.62521409
1.73E+02,-0.619532058
1.74E+02,-0.625073208
1.74E+02,-0.621844936
1.75E+02,-0.621250808
1.75E+02,-0.612087555
1.76E+02,-0.618878238
1.76E+02,-0.617032515
1.77E+02,-0.613025266
1.78E+02,-0.612407135
1.78E+02,-0.609946735
1.79E+02,-0.610156059
1.80E+02,-0.603423905
1.80E+02,-0.607812014
1.81E+02,-0.604955946
1.81E+02,-0.602670343
1.82E+02,-0.602475723
1.82E+02,-0.599672215
1.83E+02,-0.596947632
1.84E+02,-0.598283849
1.84E+02,-0.593812167
1.85E+02,-0.590563811
1.85E+02,-0.591410704
1.86E+02,-0.593495416
1.87E+02,-0.59221934
1.87E+02,-0.591091803
1.88E+02,-0.588300512
1.88E+02,-0.582307811
1.89E+02,-0.576671536
1.90E+02,-0.579171092
1.90E+02,-0.576930994
1.91E+02,-0.579429904
1.91E+02,-0.5781507
1.92E+02,-0.575159182
1.93E+02,-0.570051121
1.93E+02,-0.572325835
1.94E+02,-0.575394048
1.94E+02,-0.563827331
1.95E+02,-0.579222842
1.96E+02,-0.569555338
1.96E+02,-0.564304033
1.97E+02,-0.566640981
1.97E+02,-0.561737145
1.98E+02,-0.564733273
1.99E+02,-0.563706607
1.99E+02,-0.558549803
2.00E+02,-0.556245716
2.00E+02,-0.557140037
2.01E+02,-0.556869747
2.02E+02,-0.54939944
2.02E+02,-0.553057618
2.03E+02,-0.552877024
2.04E+02,-0.545277217
2.04E+02,-0.542508993
2.05E+02,-0.54553642
2.05E+02,-0.54491444
2.06E+02,-0.535575885
2.07E+02,-0.540026128
2.07E+02,-0.538168752
2.08E+02,-0.535240779
2.08E+02,-0.5339607
2.09E+02,-0.53717361
2.09E+02,-0.53584696
2.10E+02,-0.531928106
2.11E+02,-0.529210659
2.11E+02,-0.530952897
2.12E+02,-0.528985974
2.12E+02,-0.526416693
2.13E+02,-0.529101239
2.14E+02,-0.522899592
2.14E+02,-0.520827358
2.15E+02,-0.519374987
2.15E+02,-0.522901474
2.16E+02,-0.517287878
2.17E+02,-0.514939033
2.17E+02,-0.515826765
2.18E+02,-0.517046708
2.18E+02,-0.510262659
2.19E+02,-0.519814774
2.20E+02,-0.513346976
2.20E+02,-0.502857406
2.21E+02,-0.51101746
2.21E+02,-0.503771459
2.22E+02,-0.504266307
2.23E+02,-0.496836842
2.23E+02,-0.501159241
2.24E+02,-0.502900817
2.24E+02,-0.493497268
2.25E+02,-0.497779424
2.26E+02,-0.489092425
2.26E+02,-0.496320015
2.27E+02,-0.490174584
2.28E+02,-0.480422946
2.28E+02,-0.485592785
2.29E+02,-0.47678268
2.29E+02,-0.490722726
2.30E+02,-0.477626329
2.30E+02,-0.483695915
2.31E+02,-0.477866927
2.32E+02,-0.475032465
2.32E+02,-0.475366606
2.33E+02,-0.47319798
2.33E+02,-0.470514464
2.34E+02,-0.470108517
2.35E+02,-0.468508565
2.35E+02,-0.468946389
2.36E+02,-0.465661238
2.36E+02,-0.460846714
2.37E+02,-0.462792873
2.38E+02,-0.460710572
2.38E+02,-0.459925294
2.39E+02,-0.459781178
2.40E+02,-0.457109123
2.40E+02,-0.453009824
2.41E+02,-0.452108063
2.41E+02,-0.450382168
2.42E+02,-0.453008222
2.42E+02,-0.448749262
2.43E+02,-0.442667152
2.44E+02,-0.453311404
2.44E+02,-0.444135151
2.45E+02,-0.44396769
2.46E+02,-0.439269476
2.46E+02,-0.445129652
2.47E+02,-0.437338677
2.47E+02,-0.437049648
2.48E+02,-0.434113474
2.48E+02,-0.434281781
2.49E+02,-0.432183913
2.50E+02,-0.428623012
2.50E+02,-0.429701828
2.51E+02,-0.427966675
2.52E+02,-0.426974216
2.52E+02,-0.419642714
2.53E+02,-0.418328019
2.53E+02,-0.422614604
2.54E+02,-0.421347842
2.54E+02,-0.416658375
2.55E+02,-0.417416705
2.56E+02,-0.413883023
2.56E+02,-0.415642651
2.57E+02,-0.41271647
2.57E+02,-0.403622636
2.58E+02,-0.405826531
2.59E+02,-0.406069617
2.59E+02,-0.405069501
2.60E+02,-0.399963642
2.61E+02,-0.402255027
2.61E+02,-0.401720445
2.62E+02,-0.397989304
2.62E+02,-0.393590579
2.63E+02,-0.393320751
2.63E+02,-0.39289942
2.64E+02,-0.390462576
2.65E+02,-0.387581422
2.65E+02,-0.391762558
2.66E+02,-0.388747769
2.66E+02,-0.385061043
2.67E+02,-0.378987181
2.68E+02,-0.381871854
2.68E+02,-0.377848172
2.69E+02,-0.377807433
2.69E+02,-0.377215446
2.70E+02,-0.37430488
2.71E+02,-0.372846836
2.71E+02,-0.369193935
2.72E+02,-0.369304206
2.72E+02,-0.36686891
2.73E+02,-0.365915485
2.74E+02,-0.366352309
2.74E+02,-0.356915544
2.75E+02,-0.358249734
2.75E+02,-0.353337245
2.76E+02,-0.356325495
2.77E+02,-0.355093786
2.77E+02,-0.356831583
2.78E+02,-0.351145175
2.78E+02,-0.350153054
2.79E+02,-0.35022941
2.80E+02,-0.349588628
2.80E+02,-0.34738626
2.81E+02,-0.340906317
2.81E+02,-0.351442308
2.82E+02,-0.341755197
2.83E+02,-0.341414664
2.83E+02,-0.34022447
2.84E+02,-0.338029332
2.84E+02,-0.334170791
2.85E+02,-0.332228121
2.86E+02,-0.332543124
2.86E+02,-0.328616728
2.87E+02,-0.328233071
2.87E+02,-0.326112108
2.88E+02,-0.327645707
2.89E+02,-0.323617091
2.89E+02,-0.322568808
2.90E+02,-0.321594625
2.90E+02,-0.320302979
2.91E+02,-0.317235615
2.92E+02,-0.317312349
2.92E+02,-0.316095671
2.93E+02,-0.310828112
2.93E+02,-0.310082756
2.94E+02,-0.308099163
2.95E+02,-0.307811805
2.95E+02,-0.302762896
2.96E+02,-0.301264491
2.97E+02,-0.302900965
2.97E+02,-0.299037859
2.98E+02,-0.299183744
2.98E+02,-0.295266067
2.99E+02,-0.294652105
2.99E+02,-0.292350977
3.00E+02,-0.291197836
3.01E+02,-0.289311655
3.01E+02,-0.288500765
3.02E+02,-0.285667977
3.03E+02,-0.283226217
3.03E+02,-0.287493151
3.04E+02,-0.281982782
3.04E+02,-0.274961671
3.05E+02,-0.273801436
3.05E+02,-0.274502941
3.06E+02,-0.275564454
3.07E+02,-0.269125467
3.07E+02,-0.272679362
3.08E+02,-0.268536868
3.08E+02,-0.267211774
3.09E+02,-0.262934642
3.10E+02,-0.261245912
3.10E+02,-0.259202444
3.11E+02,-0.256223783
3.12E+02,-0.254790645
3.12E+02,-0.258702373
3.13E+02,-0.252671485
3.13E+02,-0.252352541
3.14E+02,-0.248420767
3.14E+02,-0.250683035
3.15E+02,-0.246452636
3.16E+02,-0.24656786
3.16E+02,-0.245369006
3.17E+02,-0.241449237
3.17E+02,-0.240362142
3.18E+02,-0.239451243
3.19E+02,-0.23750667
3.19E+02,-0.23390987
3.20E+02,-0.23158976
3.20E+02,-0.23103922
3.21E+02,-0.229503519
3.22E+02,-0.224820128
3.22E+02,-0.223338616
3.23E+02,-0.221742795
3.23E+02,-0.219361371
3.24E+02,-0.21750731
3.25E+02,-0.215433342
3.25E+02,-0.215401677
3.26E+02,-0.212975881
3.26E+02,-0.211187597
3.27E+02,-0.212705127
3.28E+02,-0.210616104
3.28E+02,-0.209679854
3.29E+02,-0.206799875
3.29E+02,-0.202696096
3.30E+02,-0.200899896
3.31E+02,-0.200782656
3.31E+02,-0.198550942
3.32E+02,-0.196168092
3.32E+02,-0.195608109
3.33E+02,-0.19453734
3.34E+02,-0.185521264
3.34E+02,-0.17584975
3.35E+02,-0.120108089
3.35E+02,-0.108039158
3.36E+02,-0.118176306
3.37E+02,-0.121004071
3.37E+02,-0.123864637
3.38E+02,-0.12289951
3.38E+02,-0.115118748
3.39E+02,-0.113711241
3.40E+02,-0.115481665
3.40E+02,-0.113960781
3.41E+02,-0.113720156
3.41E+02,-0.123957587
3.42E+02,-0.152966657
3.43E+02,-0.150804671
3.43E+02,-0.153031331
3.44E+02,-0.151933858
3.44E+02,-0.149752899
3.45E+02,-0.150133929
3.46E+02,-0.148373452
3.46E+02,-0.150883408
3.47E+02,-0.139714771
3.47E+02,-0.120956732
3.48E+02,-0.115830879
3.49E+02,-0.106538965
3.49E+02,-0.125446463
3.50E+02,-0.133439348
3.50E+02,-0.112427538
3.51E+02,-0.109106936
3.52E+02,-0.109420998
3.52E+02,-0.117782764
3.53E+02,-0.112033998
3.53E+02,-0.119661935
3.54E+02,-0.11319275
3.55E+02,-0.101474025
3.55E+02,-0.104988958
3.56E+02,-0.090598194
3.56E+02,-0.083109082
3.57E+02,-0.069037935
3.58E+02,-0.055397469
3.58E+02,-0.060140384
3.59E+02,-0.059599226
3.59E+02,-0.065721933
3.60E+02,-0.062584525
3.61E+02,-0.099676795
3.61E+02,-0.10601732
3.62E+02,-0.104757563
3.62E+02,-0.1025135
3.63E+02,-0.099998433
3.64E+02,-0.09456719
3.64E+02,-0.009921889
3.65E+02,-0.027693832
3.65E+02,-0.034944516
3.66E+02,-0.027557671
3.67E+02,-0.024897967
3.67E+02,-0.050907611
3.68E+02,-0.080811726
3.68E+02,-0.081462181
3.69E+02,-0.081061532
3.70E+02,-0.078708158
3.70E+02,-0.077069014
3.71E+02,-0.075885001
3.71E+02,-0.073513704
3.72E+02,-0.071291804
3.73E+02,-0.070830226
3.73E+02,-0.068538214
3.74E+02,-0.066168248
3.74E+02,-0.064870362
3.75E+02,-0.063004578
3.76E+02,-0.061002364
3.76E+02,-0.057556828
3.77E+02,-0.05670487
3.77E+02,-0.055053078
3.78E+02,-0.031657963
3.79E+02,0.013640138
3.79E+02,0.010191794
3.80E+02,0.015498909
3.80E+02,-0.018631544
3.81E+02,0.006650846
3.82E+02,0.023347953
3.82E+02,0.031961585
3.83E+02,0.053052308
3.83E+02,0.038130759
3.84E+02,0.030339796
3.85E+02,0.043233346
3.85E+02,0.047204362
3.86E+02,0.047039155
3.86E+02,0.036721492
3.87E+02,0.039789948
3.88E+02,0.019331514
3.88E+02,0.009634858
3.89E+02,-0.016222165
3.89E+02,-0.014564319
3.90E+02,-0.014769924
3.91E+02,-0.008834818
3.91E+02,-0.005416544
3.92E+02,-0.009060343
3.92E+02,-0.003920868
3.93E+02,-0.00305167
3.94E+02,-0.000806016
3.94E+02,0.001824974
3.95E+02,0.004387588
3.95E+02,0.005108839
3.96E+02,0.007538259
3.97E+02,0.010316073
3.97E+02,0.012504841
3.98E+02,0.013664126
3.98E+02,0.014118399
3.99E+02,0.017372291
4.00E+02,0.01907556
4.00E+02,0.020417223
4.01E+02,0.02215319
4.01E+02,0.024484847
4.02E+02,0.026378394
4.03E+02,0.027951087
4.03E+02,0.029940292
4.04E+02,0.032181023
4.04E+02,0.033827301
4.05E+02,0.036624904
4.06E+02,0.041150202
4.06E+02,0.041950987
4.07E+02,0.055503708
4.07E+02,0.078818096
4.08E+02,0.09397121
4.09E+02,0.112033609
4.09E+02,0.121921114
4.10E+02,0.12858374
4.10E+02,0.135627751
4.11E+02,0.151082882
4.12E+02,0.165670397
4.12E+02,0.171943985
4.13E+02,0.225330996
4.13E+02,0.253410462
4.14E+02,0.260509041
4.15E+02,0.262965531
4.15E+02,0.264128306
4.16E+02,0.264295648
4.16E+02,0.264655877
4.17E+02,0.262489059
4.18E+02,0.259832938
4.18E+02,0.261130061
4.19E+02,0.266455609
4.19E+02,0.281960993
4.20E+02,0.361846024
4.21E+02,0.378798031
4.21E+02,0.51233279
4.22E+02,0.553420949
4.22E+02,0.585004763
4.23E+02,0.610548275
4.23E+02,0.636660978
4.24E+02,0.683183973
4.25E+02,0.726526067
4.25E+02,0.750141674
4.26E+02,0.802045415
4.27E+02,0.823082797
4.27E+02,0.836515771
4.28E+02,0.850073066
4.28E+02,0.871218175
4.29E+02,0.890352376
4.30E+02,0.922804786
4.30E+02,0.934668449
4.31E+02,0.953601404
4.31E+02,0.970725626
4.32E+02,0.985169504
4.32E+02,0.999276515
4.33E+02,1.006112044
4.34E+02,1.032463225
4.34E+02,1.046519356
4.35E+02,1.044104856
4.36E+02,1.043112634
4.36E+02,1.047331341
4.37E+02,1.046110255
4.37E+02,1.041428217
4.38E+02,1.035935387
4.38E+02,1.032655823
4.39E+02,1.028584672
4.40E+02,1.017855632
4.40E+02,0.99938456
4.41E+02,0.974741582
4.42E+02,0.938662799
4.42E+02,0.882706414
4.43E+02,0.772933103
4.43E+02,0.227058443
4.44E+02,0.161510248
4.44E+02,0.16118556
4.45E+02,0.162079363
4.46E+02,0.16421868
4.46E+02,0.166078865
4.47E+02,0.167211259
4.48E+02,0.169229333
4.48E+02,0.172149429
4.49E+02,0.176179557
4.49E+02,0.179581375
4.50E+02,0.181496585
4.51E+02,0.18175472
4.51E+02,0.181359308
4.52E+02,0.181408504
4.52E+02,0.184634657
4.53E+02,0.184881854
4.54E+02,0.187672133
4.54E+02,0.188050857
4.55E+02,0.189697165
4.55E+02,0.19165023
4.56E+02,0.192535953
4.56E+02,0.194377788
4.57E+02,0.196774276
4.58E+02,0.199039812
4.58E+02,0.199744758
4.59E+02,0.201349595
4.60E+02,0.203533289
4.60E+02,0.206913535
4.61E+02,0.206880362
4.61E+02,0.209347699
4.62E+02,0.21551146
4.62E+02,0.212239823
4.63E+02,0.214824251
4.64E+02,0.215557993
4.64E+02,0.217905137
4.65E+02,0.219394055
4.65E+02,0.221155149
4.66E+02,0.222134855
4.67E+02,0.225692223
4.67E+02,0.226413002
4.68E+02,0.227793411
4.68E+02,0.229694638
4.69E+02,0.231737628
4.70E+02,0.23353141
4.70E+02,0.234107598
4.71E+02,0.23608535
4.71E+02,0.23858951
4.72E+02,0.24071844
4.73E+02,0.242331684
4.73E+02,0.243221902
4.74E+02,0.24466472
4.74E+02,0.246902159
4.75E+02,0.248147685
4.76E+02,0.250402435
4.76E+02,0.252256012
4.77E+02,0.253313769
4.77E+02,0.254909718
4.78E+02,0.257028566
4.79E+02,0.259355405
4.79E+02,0.259984282
4.80E+02,0.261781571
4.80E+02,0.26371298
4.81E+02,0.265715459
4.82E+02,0.266838015
4.82E+02,0.268374115
4.83E+02,0.269856508
4.83E+02,0.27164067
4.84E+02,0.273394391
4.85E+02,0.27525836
4.85E+02,0.277040019
4.86E+02,0.278729828
4.86E+02,0.280444283
4.87E+02,0.281399521
4.88E+02,0.28390475
4.88E+02,0.285311739
4.89E+02,0.286634059
4.89E+02,0.288941487
4.90E+02,0.290808525
4.91E+02,0.291906723
4.91E+02,0.293898406
4.92E+02,0.295382128
4.92E+02,0.29751934
4.93E+02,0.299308301
4.94E+02,0.299775245
4.94E+02,0.301993927
4.95E+02,0.303521116
4.95E+02,0.305181058
4.96E+02,0.306713603
4.97E+02,0.308773507
4.97E+02,0.309842579
4.98E+02,0.311128026
4.98E+02,0.312275548
4.99E+02,0.314452912
5.00E+02,0.315979787
5.00E+02,0.317282783
5.01E+02,0.319393827
5.01E+02,0.321117271
5.02E+02,0.322730221
5.03E+02,0.32370617
5.03E+02,0.325485697
5.04E+02,0.326842174
5.05E+02,0.32874931
5.05E+02,0.33039084
5.06E+02,0.332184071
5.06E+02,0.333842293
5.07E+02,0.33523799
5.07E+02,0.338982309
5.08E+02,0.344864828
5.09E+02,0.365615447
5.09E+02,0.37920541
5.10E+02,0.43943107
5.11E+02,0.448884483
5.11E+02,0.454413704
5.12E+02,0.463604558
5.12E+02,0.472298664
5.13E+02,0.491030103
5.13E+02,0.524882727
5.14E+02,0.545958935
5.15E+02,0.553852819
5.15E+02,0.573288395
5.16E+02,0.604896855
5.16E+02,0.630122439
5.17E+02,0.660822426
5.18E+02,0.695804475
5.18E+02,0.723784757
5.19E+02,0.781549736
5.19E+02,0.856230223
5.20E+02,0.853033488
5.21E+02,0.822847963
5.21E+02,0.827669879
5.22E+02,0.869697222
5.22E+02,0.899609485
5.23E+02,0.929457244
5.24E+02,0.956860684
5.24E+02,0.974609087
5.25E+02,0.992815341
5.26E+02,1.02387649
5.26E+02,1.054907463
5.26E+02,1.072364248
5.27E+02,1.088420326
5.28E+02,1.106777156
5.28E+02,1.123183358
5.29E+02,1.134534409
5.30E+02,1.143032609
5.30E+02,1.154659469
5.31E+02,1.16060117
5.31E+02,1.161692254
5.32E+02,1.165950556
5.33E+02,1.169581277
5.33E+02,1.177614695
5.34E+02,1.178693269
5.34E+02,1.171566159
5.35E+02,1.170793694
5.36E+02,1.157391785
5.36E+02,1.1336762
5.37E+02,1.12659404
5.37E+02,1.102388421
5.38E+02,1.052508491
5.39E+02,0.783031329
5.39E+02,0.42455465
5.40E+02,0.415144693
5.40E+02,0.417624956
5.41E+02,0.426324816
5.41E+02,0.419053527
5.42E+02,0.422266378
5.43E+02,0.424509715
5.43E+02,0.432918967
5.44E+02,0.421298497
5.45E+02,0.426537448
5.45E+02,0.427676274
5.46E+02,0.428723124
5.46E+02,0.429004456
5.47E+02,0.432086022
5.48E+02,0.433235395
5.48E+02,0.43331915
5.49E+02,0.433090908
5.49E+02,0.435806316
5.50E+02,0.43798524
5.50E+02,0.436041569
5.51E+02,0.438378726
5.52E+02,0.440592215
5.52E+02,0.440449998
5.53E+02,0.442027366
5.54E+02,0.443418836
5.54E+02,0.445287162
5.55E+02,0.447104672
5.55E+02,0.447558948
5.56E+02,0.447270933
5.57E+02,0.45500392
5.57E+02,0.451384796
5.58E+02,0.45449759
5.58E+02,0.451954903
5.59E+02,0.452826728
5.60E+02,0.453810771
5.60E+02,0.457368157
5.61E+02,0.45939852
5.61E+02,0.462912557
5.62E+02,0.460851556
5.62E+02,0.458837956
5.63E+02,0.462192034
5.64E+02,0.461915663
5.64E+02,0.473445801
5.65E+02,0.477157155
5.66E+02,0.482272727
5.66E+02,0.508948325
5.67E+02,0.511502752
5.67E+02,0.517908269
5.68E+02,0.514745995
5.68E+02,0.520636786
5.69E+02,0.527374146
5.70E+02,0.581849005
5.70E+02,0.583123588
5.71E+02,0.585090463
5.72E+02,0.586239167
5.72E+02,0.591398217
5.73E+02,0.589170299
5.73E+02,0.592740863
5.74E+02,0.593522206
5.75E+02,0.598144821
5.75E+02,0.59578426
5.76E+02,0.599269607
5.76E+02,0.627640686
5.77E+02,0.623055262
5.77E+02,0.639799347
5.78E+02,0.699926223
5.79E+02,0.70306824
5.79E+02,0.703524888
5.80E+02,0.715513651
5.80E+02,0.742355785
5.81E+02,0.847985536
5.82E+02,0.913204459
5.82E+02,0.929882658
5.83E+02,0.991969058
5.83E+02,1.056449365
5.84E+02,1.086355915
5.85E+02,1.101521622
5.85E+02,1.125248278
5.86E+02,1.163031007
5.87E+02,1.208315565
5.87E+02,1.237807301
5.88E+02,1.267865341
5.88E+02,1.229644221
5.89E+02,1.212573502
5.90E+02,1.226195578
5.90E+02,1.231089416
5.91E+02,1.238206988
5.91E+02,1.241510869
5.92E+02,1.245655024
5.93E+02,1.253107953
5.93E+02,1.257153025
5.94E+02,1.264682085
5.94E+02,1.284573069
5.95E+02,1.307587594
5.96E+02,1.317795995
5.96E+02,1.323880702
5.97E+02,1.295953285
5.97E+02,1.194997486
5.98E+02,0.646725553
5.98E+02,0.651459449
5.99E+02,0.65533171
6.00E+02,0.660725685
6.00E+02,0.668239108
6.01E+02,0.675665539
6.01E+02,0.684779674
6.02E+02,0.692304726
6.03E+02,0.70491775
6.03E+02,0.713553877
6.04E+02,0.722100186
6.04E+02,0.733966833
6.05E+02,0.745640178
6.06E+02,0.752645749
6.06E+02,0.756610171
6.07E+02,0.766681521
6.07E+02,0.790205055
6.08E+02,0.801505651
6.09E+02,0.813838354
6.09E+02,0.846422973
6.10E+02,0.891701444
6.10E+02,1.0183197
6.11E+02,1.1030045
6.12E+02,1.197268701
6.12E+02,1.287024454
6.13E+02,1.38772912
6.13E+02,1.458950579
6.14E+02,1.52581807
6.15E+02,1.590318539
6.15E+02,1.648236049
6.16E+02,1.69289616
6.16E+02,1.721606605
6.17E+02,1.72461547
6.18E+02,1.695298376
6.18E+02,1.668907968
6.19E+02,1.650323651
6.19E+02,1.634022484
6.20E+02,1.620152822
6.21E+02,1.605808665
6.21E+02,1.591383752
6.22E+02,1.575023683
6.22E+02,1.555074488
6.23E+02,1.539038316
6.24E+02,1.518099583
6.24E+02,1.498537982
6.25E+02,1.462276229
6.25E+02,1.437330013
6.26E+02,1.418889014
6.27E+02,1.392248361
6.27E+02,1.362741768
6.28E+02,1.329176302
6.28E+02,1.159477859
6.29E+02,0.925153561
6.30E+02,0.925396363
6.30E+02,0.92599961
6.31E+02,0.929327561
6.31E+02,0.931573548
6.32E+02,0.935216715
6.33E+02,0.939110024
6.33E+02,0.947267129
6.34E+02,1.028237678
6.34E+02,1.170199501
6.35E+02,1.273771201
6.36E+02,1.316770221
6.36E+02,1.468773144
6.37E+02,1.532937483
6.37E+02,1.613177721
6.38E+02,0.961846826
6.39E+02,0.96268573
6.39E+02,0.963624322
6.40E+02,0.967204757
6.40E+02,0.968528337
6.41E+02,0.970822758
6.42E+02,0.972625722
6.42E+02,0.974738544
6.43E+02,0.976438984
6.43E+02,0.97864557
6.44E+02,0.98056727
6.45E+02,0.982556145
6.45E+02,0.98546797
6.46E+02,0.987254518
6.46E+02,0.989556509
6.47E+02,0.992191219
6.48E+02,0.994619689
6.48E+02,0.996066555
6.49E+02,0.999374905
6.49E+02,1.001145893
6.50E+02,1.002373005
6.51E+02,1.00349586
6.51E+02,1.0050217
6.52E+02,1.006475883
6.52E+02,1.007472951
6.53E+02,1.009397349
6.54E+02,1.011025013
6.54E+02,1.017514138
6.55E+02,1.024836082
6.55E+02,1.029147084
6.56E+02,1.029959344
6.57E+02,1.030389607
6.57E+02,1.032134644
6.58E+02,1.034487278
6.58E+02,1.03670074
6.59E+02,1.039784004
6.60E+02,1.046186405
6.60E+02,1.04957888
6.61E+02,1.050570757
6.62E+02,1.053633064
6.62E+02,1.05693647
6.62E+02,1.061785612
6.63E+02,1.069957284
6.64E+02,1.075668474
6.64E+02,1.076490071
6.65E+02,1.082882627
6.66E+02,1.085881487
6.66E+02,1.089949598
6.67E+02,1.091975601
6.67E+02,1.095112837
6.68E+02,1.098257361
6.69E+02,1.099115484
6.69E+02,1.100703377
6.70E+02,1.102236753
6.70E+02,1.102874294
6.71E+02,1.103531774
6.71E+02,1.10515136
6.72E+02,1.107110885
6.73E+02,1.109245021
6.73E+02,1.112349577
6.74E+02,1.116275255
6.75E+02,1.118535869
6.75E+02,1.120323811
6.76E+02,1.121419652
6.76E+02,1.122169005
6.77E+02,1.122860777
6.77E+02,1.123737338
6.78E+02,1.124032179
6.79E+02,1.124182297
6.79E+02,1.124521179
6.80E+02,1.124744781
6.81E+02,1.125187733
6.81E+02,1.125502736
6.82E+02,1.125970588
6.82E+02,1.126201889
6.83E+02,1.126819821
6.84E+02,1.12737469
6.84E+02,1.12772792
6.85E+02,1.128213103
6.85E+02,1.128331082
6.86E+02,1.128998595
6.87E+02,1.130221481
6.87E+02,1.131370013
6.88E+02,1.134238007
6.88E+02,1.134019241
6.89E+02,1.137918138
6.90E+02,1.147520816
6.90E+02,1.155929067
6.91E+02,1.157613291
6.91E+02,1.160731369
6.92E+02,1.161806269
6.93E+02,1.160688174
6.93E+02,1.1614833
6.94E+02,1.160652175
6.94E+02,1.160873524
6.95E+02,1.160877722
6.95E+02,1.16042621
6.96E+02,1.16178263
6.97E+02,1.162609805
6.97E+02,1.162319412
6.98E+02,1.163984739
6.98E+02,1.169305215
6.99E+02,1.17009765
7.00E+02,1.175739048
7.00E+02,1.181654972
7.01E+02,1.190691313
7.01E+02,1.184392999
7.02E+02,1.180439578
7.03E+02,1.182477709
7.03E+02,1.183752852
7.04E+02,1.185028517
7.05E+02,1.183297752
7.05E+02,1.179981564
7.06E+02,1.178787945
7.06E+02,1.175784829
7.07E+02,1.175199171
7.07E+02,1.175182634
7.08E+02,1.174559846
7.09E+02,1.173194138
7.09E+02,1.17180921
7.10E+02,1.17059699
7.10E+02,1.169860688
7.11E+02,1.178342011
7.12E+02,1.183411358
7.12E+02,1.178076363
7.13E+02,1.17662627
7.13E+02,1.177916089
7.14E+02,1.177116142
7.15E+02,1.177438087
7.15E+02,1.181148733
7.16E+02,1.176302564
7.16E+02,1.174783223
7.17E+02,1.175370021
7.18E+02,1.179390912
7.18E+02,1.183445804
7.19E+02,1.189692675
7.19E+02,1.203404164
7.20E+02,1.232557277
7.21E+02,1.246111137
7.21E+02,1.292908795
7.22E+02,1.314012664
7.22E+02,1.331924476
7.23E+02,1.344886616
7.24E+02,1.346721382
7.24E+02,1.355024871
7.25E+02,1.380484942
7.25E+02,1.387941955
7.26E+02,1.377380206
7.27E+02,1.371257432
7.27E+02,1.363256879
7.28E+02,1.420026254
7.28E+02,1.439282471
7.29E+02,1.440464489
7.30E+02,1.461978327
7.30E+02,1.4695811
7.31E+02,1.483906803
7.31E+02,1.495799012
7.32E+02,1.523171361
7.33E+02,1.53683774
7.33E+02,1.538349869
7.34E+02,1.5467547
7.34E+02,1.555948527
7.35E+02,1.561337676
7.36E+02,1.561551194
7.36E+02,1.574385508
7.37E+02,1.584885049
7.37E+02,1.59522917
7.38E+02,1.601813242
7.39E+02,1.60451581
7.39E+02,1.612904913
7.40E+02,1.615076694
7.40E+02,1.607911061
7.41E+02,1.610047994
7.42E+02,1.621461181
7.42E+02,1.630544214
7.43E+02,1.627576397
7.43E+02,1.628953452
7.44E+02,1.634793555
7.45E+02,1.648382847
7.45E+02,1.648142809
7.46E+02,1.654121553
7.46E+02,1.657606694
7.47E+02,1.669094189
7.48E+02,1.67838033
7.48E+02,1.678485146
7.49E+02,1.684330992
7.49E+02,1.691039741
7.50E+02,1.703231347
7.51E+02,1.710997844
7.51E+02,1.709690819
7.52E+02,1.702951205
7.52E+02,1.705079137
7.53E+02,1.696989543
7.54E+02,1.644230157
7.54E+02,1.397586175
7.55E+02,1.397979441
7.55E+02,1.397749746
7.56E+02,1.403016141
7.57E+02,1.408121875
7.57E+02,1.41416531
7.58E+02,1.416918633
7.58E+02,1.421982618
7.59E+02,1.424107707
7.60E+02,1.425719865
7.60E+02,1.429900464
7.61E+02,1.428964346
7.61E+02,1.44848417
7.62E+02,1.458511999
7.63E+02,1.465214902
7.63E+02,1.470233738
7.64E+02,1.483220309
7.64E+02,1.501964992
7.65E+02,1.513880392
7.66E+02,1.523646203
7.66E+02,1.536793075
7.67E+02,1.542687401
7.67E+02,1.552697655
7.68E+02,1.56949072
7.69E+02,1.577600245
7.69E+02,1.585307402
7.70E+02,1.590193028
7.70E+02,1.606360187
7.71E+02,1.612809384
7.72E+02,1.622233198
7.72E+02,1.621276428
7.73E+02,1.630125086
7.73E+02,1.637170696
7.74E+02,1.651091751
7.74E+02,1.657929016
7.75E+02,1.67083574
7.76E+02,1.676789601
7.76E+02,1.667258831
7.77E+02,1.664644326
7.78E+02,1.640786231
7.78E+02,1.644003388
7.79E+02,1.595896602
7.79E+02,1.583592069
7.80E+02,1.5720303
7.80E+02,1.574147875
7.81E+02,1.574816688
7.82E+02,1.594148813
7.82E+02,1.644373194
7.83E+02,1.716541368
7.83E+02,1.80436075
7.84E+02,1.874190122
7.85E+02,1.933114789
7.85E+02,1.720679318
7.86E+02,1.714196097
7.87E+02,1.703547407
7.87E+02,1.77983024
7.88E+02,1.819371565
7.88E+02,1.813191684
7.89E+02,1.899922172
7.89E+02,1.991531968
7.90E+02,2.037198533
7.91E+02,2.059549408
7.91E+02,2.077226509
7.92E+02,2.102229889
7.92E+02,2.115744606
7.93E+02,2.128712597
7.94E+02,2.137708493
7.94E+02,2.152217078
7.95E+02,2.144952922
7.95E+02,2.151600269
7.96E+02,2.15937948
7.97E+02,2.163173306
7.97E+02,2.168062972
7.98E+02,2.196270166
7.98E+02,2.187841529
7.99E+02,2.192475177
8.00E+02,2.206260926
8.00E+02,2.218450423
8.01E+02,2.241288915
8.01E+02,2.248650679
8.02E+02,2.263630625
8.03E+02,2.286984084
8.03E+02,2.283876288
8.04E+02,2.292007832
8.04E+02,2.296573716
8.05E+02,2.300245386
8.06E+02,2.304892323
8.06E+02,2.31098607
8.07E+02,2.316939398
8.07E+02,2.319522657
8.08E+02,2.298261903
8.09E+02,2.291503381
8.09E+02,2.267175484
8.10E+02,2.271480551
8.10E+02,2.267470467
8.11E+02,2.267572268
8.12E+02,2.275523496
8.12E+02,2.280291022
8.13E+02,2.288751214
8.13E+02,2.291336433
8.14E+02,2.291970806
8.15E+02,2.297108252
8.15E+02,2.305246008
8.16E+02,2.315475135
8.17E+02,2.328305584
8.17E+02,2.335644818
8.18E+02,2.337258541
8.18E+02,2.33742831
8.19E+02,2.332716925
8.19E+02,2.33724176
8.20E+02,2.338395927
8.21E+02,2.326754794
8.21E+02,2.331125919
8.22E+02,2.335202665
8.22E+02,2.339142257
8.23E+02,2.341046157
8.24E+02,2.342067401
8.24E+02,2.344135945
8.25E+02,2.345095418
8.25E+02,2.34546607
8.26E+02,2.344799651
8.27E+02,2.336218704
8.27E+02,2.340451849
8.28E+02,2.338538763
8.28E+02,2.343749986
8.29E+02,2.344515667
8.30E+02,2.346833367
8.30E+02,2.345831508
8.31E+02,2.342163606
8.31E+02,2.344846768
8.32E+02,2.34655638
8.33E+02,2.350497666
8.33E+02,2.348358027
8.34E+02,2.345568972
8.34E+02,2.351504296
8.35E+02,2.355090064
8.36E+02,2.35716577
8.36E+02,2.362017772
8.37E+02,2.368050981
8.37E+02,2.372314806
8.38E+02,2.384459152
8.39E+02,2.382229092
8.39E+02,2.37806833
8.40E+02,2.370022635
8.40E+02,2.367654978
8.41E+02,2.365157458
8.42E+02,2.361714807
8.42E+02,2.354420404
8.43E+02,2.3472451
8.43E+02,2.344210657
8.44E+02,2.342581761
8.45E+02,2.339670819
8.45E+02,2.338576804
8.46E+02,2.335203669
8.46E+02,2.329260551
8.47E+02,2.329833786
8.48E+02,2.332811994
8.48E+02,2.335900595
8.49E+02,2.342148792
8.49E+02,2.34151366
8.50E+02,2.342313304
8.51E+02,2.343814533
8.51E+02,2.341714006
8.52E+02,2.339173483
8.52E+02,2.341237019
8.53E+02,2.338660445
8.54E+02,2.324271341
8.54E+02,2.320085397
8.55E+02,2.311511012
8.55E+02,2.309072465
8.56E+02,2.305110291
8.57E+02,2.300248649
8.57E+02,2.295768698
8.58E+02,2.290520749
8.58E+02,2.281906308
8.59E+02,2.278155921
8.60E+02,2.267798304
8.60E+02,2.26433322
8.61E+02,2.261758752
8.61E+02,2.257430164
8.62E+02,2.253889732
8.63E+02,2.248178097
8.63E+02,2.243292843
8.64E+02,2.236715074
8.64E+02,2.229060026
8.65E+02,2.215142455
8.65E+02,2.205456095
8.66E+02,2.191317967
8.67E+02,2.191260655
8.67E+02,2.195759106
8.68E+02,2.18623285
8.68E+02,2.179753381
8.69E+02,2.167369329
8.70E+02,2.153741714
8.70E+02,2.134420015
8.71E+02,2.136216874
8.72E+02,2.136890131
8.72E+02,2.142645962
8.73E+02,2.144039026
8.73E+02,2.142902619
8.74E+02,2.141339696
8.75E+02,2.138024977
8.75E+02,2.135214094
8.76E+02,2.134956671
8.76E+02,2.13605181
8.77E+02,2.140649119
8.78E+02,2.128628312
8.78E+02,2.125365438
8.79E+02,2.116768748
8.79E+02,2.117176801
8.80E+02,2.115669412
8.80E+02,2.118013934
8.81E+02,2.110256287
8.82E+02,2.102240529
8.82E+02,2.09606179
8.83E+02,2.093538299
8.84E+02,2.093937279
8.84E+02,2.098325588
8.85E+02,2.096729309
8.85E+02,2.095587398
8.86E+02,2.097083349
8.86E+02,2.10025851
8.87E+02,2.09948589
8.88E+02,2.100152999
8.88E+02,2.097765945
8.89E+02,2.097653583
8.89E+02,2.096064227
8.90E+02,2.097129537
8.91E+02,2.096358282
8.91E+02,2.092263307
8.92E+02,2.087146188
8.92E+02,2.085870796
8.93E+02,2.07824542
8.94E+02,2.067031035
8.94E+02,2.072708955
8.95E+02,2.076194271
8.95E+02,2.06686017
8.96E+02,2.058155645
8.97E+02,2.05198133
8.97E+02,2.043852891
8.98E+02,2.045444251
8.98E+02,2.045991122
8.99E+02,2.052687787
9.00E+02,2.068936134
9.00E+02,2.0718106
9.01E+02,2.080268876
9.01E+02,2.094332398
9.02E+02,2.091549489
9.03E+02,2.102141677
9.03E+02,2.101522997
9.04E+02,2.110464791
9.04E+02,2.116282565
9.05E+02,2.126431769
9.06E+02,2.144872041
9.06E+02,2.152646031
9.07E+02,2.160229558
9.07E+02,2.17626581
9.08E+02,2.190998598
9.09E+02,2.212382593
9.09E+02,2.229378472
9.10E+02,2.236447068
9.10E+02,2.245033693
9.11E+02,2.24770451
9.12E+02,2.250497095
9.12E+02,2.257383106
9.13E+02,2.263472023
9.13E+02,2.271521922
9.14E+02,2.27296977
9.15E+02,2.270363655
9.15E+02,2.275608923
9.16E+02,2.278530911
9.16E+02,2.279808568
9.17E+02,2.279489449
9.18E+02,2.274704762
9.18E+02,2.274248857
9.19E+02,2.26679596
9.19E+02,2.26683684
9.20E+02,2.257397512
9.21E+02,2.252182633
9.21E+02,2.246535017
9.22E+02,2.24831615
9.22E+02,2.241773032
9.23E+02,2.220699216
9.24E+02,2.216287593
9.24E+02,2.212361554
9.25E+02,2.213655328
9.25E+02,2.21723277
9.26E+02,2.218604294
9.27E+02,2.221919447
9.27E+02,2.220745457
9.28E+02,2.2197359
9.28E+02,2.209596772
9.29E+02,2.215621968
9.30E+02,2.213621072
9.30E+02,2.190098798
9.31E+02,2.179384015
9.31E+02,2.17109195
9.32E+02,2.176168557
9.32E+02,2.175855228
9.33E+02,2.172193252
9.34E+02,2.177877165
9.34E+02,2.18514876
9.35E+02,2.195462372
9.35E+02,2.182677661
9.36E+02,2.171987829
9.37E+02,2.17879744
9.37E+02,2.186504581
9.38E+02,2.192024664
9.39E+02,2.198302085
9.39E+02,2.198787081
9.40E+02,2.207737746
9.40E+02,2.209104117
9.41E+02,2.209349308
9.41E+02,2.210956782
9.42E+02,2.214641748
9.43E+02,2.217261212
9.43E+02,2.222622581
9.44E+02,2.223864403
9.45E+02,2.223484778
9.45E+02,2.235296088
9.46E+02,2.237199534
9.46E+02,2.23477586
9.47E+02,2.232870375
9.47E+02,2.232332988
9.48E+02,2.22889828
9.49E+02,2.228350818
9.49E+02,2.223522159
9.50E+02,2.209333484
9.50E+02,2.19941342
9.51E+02,2.191390925
9.52E+02,2.178143799
9.52E+02,2.170995581
9.53E+02,2.166398436
9.53E+02,2.156929068
9.54E+02,2.162662067
9.55E+02,2.16364551
9.55E+02,2.163272321
9.56E+02,2.16493252
9.56E+02,2.16733831
9.57E+02,2.150840221
9.58E+02,2.152505437
9.58E+02,2.153958386
9.59E+02,2.159073369
9.59E+02,2.165255903
9.60E+02,2.167870929
9.61E+02,2.173351211
9.61E+02,2.172700695
9.62E+02,2.16444952
9.62E+02,2.155296251
9.63E+02,2.15234431
9.64E+02,2.143787095
9.64E+02,2.125896493
9.65E+02,2.127710444
9.65E+02,2.125392771
9.66E+02,2.124142162
9.67E+02,2.128853037
9.67E+02,2.133298703
9.68E+02,2.141811483
9.68E+02,2.139471981
9.69E+02,2.137328154
9.70E+02,2.108116969
9.70E+02,2.100397085
9.71E+02,2.095291425
9.72E+02,2.077074885
9.72E+02,2.071142341
9.73E+02,2.091785449
9.73E+02,2.088548561
9.74E+02,2.098405577
9.74E+02,2.098306195
9.75E+02,2.100038838
9.76E+02,2.091498482
9.76E+02,2.081414283
9.77E+02,2.06495041
9.77E+02,2.044964832
9.78E+02,2.039053049
9.79E+02,2.039497401
9.79E+02,2.036954893
9.80E+02,2.037538842
9.80E+02,2.027529813
9.81E+02,2.016288554
9.82E+02,2.008615925
9.82E+02,1.988593066
9.83E+02,1.996079132
9.83E+02,1.995907662
9.84E+02,2.001831461
9.85E+02,2.007836931
9.85E+02,2.00071903
9.86E+02,1.99544358
9.86E+02,1.989495425
9.87E+02,1.979347205
9.88E+02,1.984221579
9.88E+02,1.987688247
9.89E+02,1.993305305
9.89E+02,1.997059273
9.90E+02,2.00092103
9.91E+02,2.003557031
9.91E+02,2.006437801
9.92E+02,1.999158086
9.92E+02,2.001690022
9.93E+02,2.001513915
9.94E+02,1.997992663
9.94E+02,1.995897359
9.95E+02,1.989804273
9.95E+02,1.989441274
9.96E+02,1.982560305
9.97E+02,1.975681468
9.97E+02,1.97292928
9.98E+02,1.972941945
9.98E+02,1.968732293
9.99E+02,1.957252524
1.00E+03,1.959023352
1.00E+03,1.944567006
1.00E+03,1.94540319
1.00E+03,1.953215686
1.00E+03,1.958440553
1.00E+03,1.952818248
1.00E+03,1.957241263
1.00E+03,1.962832415
1.00E+03,1.969813213
1.00E+03,1.965617117
1.01E+03,1.949428164
1.01E+03,1.948557462
1.01E+03,1.947661985
1.01E+03,1.947789443
1.01E+03,1.942424974
1.01E+03,1.936464479
1.01E+03,1.937668014
1.01E+03,1.931431171
1.01E+03,1.930505651
1.01E+03,1.926489639
1.01E+03,1.928497295
1.01E+03,1.916072971
1.01E+03,1.913010141
1.01E+03,1.913144842
1.01E+03,1.920722208
1.01E+03,1.920722208
1.02E+03,1.915492383
1.02E+03,1.913506825
1.02E+03,1.899308072
1.02E+03,1.890580399
1.02E+03,1.886989257
1.02E+03,1.883709801
1.02E+03,1.881090824
1.02E+03,1.883785518
1.02E+03,1.886897869
1.02E+03,1.886240003
1.02E+03,1.886876512
1.02E+03,1.892507543
1.02E+03,1.895776357
1.02E+03,1.898182852
1.02E+03,1.902814122
1.02E+03,1.90149205
1.02E+03,1.902041856
1.03E+03,1.895764819
1.03E+03,1.899751196
1.03E+03,1.902524874
1.03E+03,1.903974178
1.03E+03,1.902670582
1.03E+03,1.884804254
1.03E+03,1.893500941
1.03E+03,1.895405804
1.03E+03,1.89010516
1.03E+03,1.885210605
1.03E+03,1.889868045
1.03E+03,1.892506097
1.03E+03,1.892015476
1.03E+03,1.903626823
1.03E+03,1.899095326
1.03E+03,1.896134349
1.03E+03,1.890048103
1.04E+03,1.895555356
1.04E+03,1.897051132
1.04E+03,1.894317503
1.04E+03,1.890809083
1.04E+03,1.886943565
1.04E+03,1.883551627
1.04E+03,1.872008996
1.04E+03,1.867423172
1.04E+03,1.859745824
1.04E+03,1.851578569
1.04E+03,1.828031197
1.04E+03,1.775644739
1.04E+03,1.7646521
1.04E+03,1.758042358
1.04E+03,1.751813635
1.04E+03,1.743000856
1.05E+03,1.725267223
1.05E+03,1.701894058
1.05E+03,1.7007314
1.05E+03,1.690213983
1.05E+03,1.692117873
1.05E+03,1.688595106
1.05E+03,1.693534991
1.05E+03,1.695444988
1.05E+03,1.696749784
1.05E+03,1.695407157
1.05E+03,1.680344943
1.05E+03,1.676803952
1.05E+03,1.682661679
1.05E+03,1.689189301
1.05E+03,1.687274909
1.05E+03,1.693286453
1.05E+03,1.688841719
1.06E+03,1.689766359
1.06E+03,1.689343761
1.06E+03,1.689970543
1.06E+03,1.687554911
1.06E+03,1.68563445
1.06E+03,1.677144585
1.06E+03,1.653077379
1.06E+03,1.655038882
1.06E+03,1.617976197
1.06E+03,1.601649824
1.06E+03,1.574942099
1.06E+03,1.542588056
1.06E+03,1.545036928
1.06E+03,1.55978613
1.06E+03,1.556731034
1.06E+03,1.566463302
1.06E+03,1.585726301
1.07E+03,1.595768397
1.07E+03,1.616247962
1.07E+03,1.626224643
1.07E+03,1.628701101
1.07E+03,1.633787595
1.07E+03,1.630647916
1.07E+03,1.637829027
1.07E+03,1.640036181
1.07E+03,1.644858598
1.07E+03,1.653870887
1.07E+03,1.661359136
1.07E+03,1.661616688
1.07E+03,1.664542227
1.07E+03,1.671365131
1.07E+03,1.676148342
1.07E+03,1.679447521
1.07E+03,1.676459485
1.08E+03,1.674528912
1.08E+03,1.679509296
1.08E+03,1.685485653
1.08E+03,1.677735397
1.08E+03,1.682915198
1.08E+03,1.688446164
1.08E+03,1.692198606
1.08E+03,1.696554529
1.08E+03,1.72358512
1.08E+03,1.731107713
1.08E+03,1.738471053
1.08E+03,1.748246265
1.08E+03,1.759985406
1.08E+03,1.765170358
1.08E+03,1.769433382
1.08E+03,1.77703745
1.09E+03,1.775473331
1.09E+03,1.782880569
1.09E+03,1.77743777
1.09E+03,1.776005465
1.09E+03,1.778725442
1.09E+03,1.761199898
1.09E+03,1.751972497
1.09E+03,1.739677781
1.09E+03,1.710472613
1.09E+03,1.709885849
1.09E+03,1.695157411
1.09E+03,1.684816019
1.09E+03,1.692121315
1.09E+03,1.689719956
1.09E+03,1.676878077
1.09E+03,1.687211909
1.09E+03,1.687432371
1.10E+03,1.693837443
1.10E+03,1.701810535
1.10E+03,1.704314505
1.10E+03,1.708378828
1.10E+03,1.710250258
1.10E+03,1.719224524
1.10E+03,1.718875287
1.10E+03,1.726857478
1.10E+03,1.732189835
1.10E+03,1.737113174
1.10E+03,1.747248159
1.10E+03,1.751563074
1.10E+03,1.757293061
1.10E+03,1.763564775
1.10E+03,1.759417468
1.10E+03,1.762555234
1.10E+03,1.763497251
1.11E+03,1.751396979
1.11E+03,1.757468911
1.11E+03,1.764635449
1.11E+03,1.777696523
1.11E+03,1.788082989
1.11E+03,1.79406156
1.11E+03,1.80147149
1.11E+03,1.808170986
1.11E+03,1.816659679
1.11E+03,1.827192352
1.11E+03,1.83460551
1.11E+03,1.836206916
1.11E+03,1.840976071
1.11E+03,1.850723103
1.11E+03,1.858987259
1.11E+03,1.857506421
1.12E+03,1.851562615
1.12E+03,1.855067606
1.12E+03,1.859822658
1.12E+03,1.863333509
1.12E+03,1.875463176
1.12E+03,1.904132886
1.12E+03,1.921188962
1.12E+03,1.923687312
1.12E+03,1.927586892
1.12E+03,1.930646294
1.12E+03,1.932350156
1.12E+03,1.932018125
1.12E+03,1.931291495
1.12E+03,1.937151646
1.12E+03,1.944957866
1.12E+03,1.944653445
1.12E+03,1.945147423
1.13E+03,1.945180289
1.13E+03,1.954763447
1.13E+03,1.963369759
1.13E+03,1.957706105
1.13E+03,1.956477803
1.13E+03,1.95915062
1.13E+03,1.959275466
1.13E+03,1.953889526
1.13E+03,1.951782952
1.13E+03,1.952348141
1.13E+03,1.956311378
1.13E+03,1.954285985
1.13E+03,1.963891054
1.13E+03,1.968716377
1.13E+03,1.964932336
1.13E+03,1.961296389
1.13E+03,1.95947752
1.14E+03,1.963524811
1.14E+03,1.963960189
1.14E+03,1.962335235
1.14E+03,1.960591631
1.14E+03,1.952509696
1.14E+03,1.944148581
1.14E+03,1.942797751
1.14E+03,1.945050141
1.14E+03,1.935030691
1.14E+03,1.926932768
1.14E+03,1.930504938
1.14E+03,1.93625857
1.14E+03,1.941633058
1.14E+03,1.946338764
1.14E+03,1.953704423
1.14E+03,1.959298504
1.14E+03,1.972304316
1.15E+03,1.976965122
1.15E+03,1.98455895
1.15E+03,2.01322665
1.15E+03,2.018969561
1.15E+03,2.014933636
1.15E+03,2.019506772
1.15E+03,2.023589473
1.15E+03,2.01637639
1.15E+03,2.014725457
1.15E+03,2.020170615
1.15E+03,2.023788924
1.15E+03,2.027817089
1.15E+03,2.029478338
1.15E+03,2.026832632
1.15E+03,2.029264026
1.15E+03,2.033544778
1.16E+03,2.038773112
1.16E+03,2.044368831
1.16E+03,2.049333173
1.16E+03,2.054992035
1.16E+03,2.082813365
1.16E+03,2.077082158
1.16E+03,2.081605431
1.16E+03,2.079052024
1.16E+03,2.083026498
1.16E+03,2.088069433
1.16E+03,2.093157526
1.16E+03,2.099483818
1.16E+03,2.104510669
1.16E+03,2.111012689
1.16E+03,2.123307289
1.16E+03,2.133112708
1.16E+03,2.134509875
1.17E+03,2.135761525
1.17E+03,2.138959486
1.17E+03,2.133889715
1.17E+03,2.13599942
1.17E+03,2.120776884
1.17E+03,2.10479531
1.17E+03,2.112418644
1.17E+03,2.117332954
1.17E+03,2.124330081
1.17E+03,2.134593346
1.17E+03,2.136164187
1.17E+03,2.140562719
1.17E+03,2.148503015
1.17E+03,2.152410969
1.17E+03,2.158438789
1.17E+03,2.166018123
1.17E+03,2.173471235
1.18E+03,2.17453631
1.18E+03,2.175918086
1.18E+03,2.181988995
1.18E+03,2.190187096
1.18E+03,2.19225235
1.18E+03,2.197694802
1.18E+03,2.226148107
1.18E+03,2.234036662
1.18E+03,2.239180564
1.18E+03,2.245177688
1.18E+03,2.252800621
1.18E+03,2.261028167
1.18E+03,2.27494026
1.18E+03,2.283433307
1.18E+03,2.287158094
1.18E+03,2.295001379
1.18E+03,2.301788696
1.19E+03,2.306092477
1.19E+03,2.314721476
1.19E+03,2.320568946
1.19E+03,2.328963978
1.19E+03,2.336074903
1.19E+03,2.342993797
1.19E+03,2.348996457
1.19E+03,2.353463244
1.19E+03,2.359126188
1.19E+03,2.366289006
1.19E+03,2.371909577
1.19E+03,2.37819288
1.19E+03,2.383678416
1.19E+03,2.388056775
1.19E+03,2.392140454
1.19E+03,2.39716645
1.20E+03,2.401551656
1.20E+03,2.405090968
1.20E+03,2.413986211
1.20E+03,2.424437155
1.20E+03,2.430838755
1.20E+03,2.438505009
1.20E+03,2.443193808
1.20E+03,2.447832525
1.20E+03,2.451746227
1.20E+03,2.458369788
1.20E+03,2.464379246
1.20E+03,2.468303899
1.20E+03,2.472780869
1.20E+03,2.478123607
1.20E+03,2.484601605
1.20E+03,2.48888491
1.20E+03,2.494114503
1.21E+03,2.497746156
1.21E+03,2.503223824
1.21E+03,2.507450116
1.21E+03,2.50992731
1.21E+03,2.512563268
1.21E+03,2.516075717
1.21E+03,2.519982134
1.21E+03,2.522856161
1.21E+03,2.526171731
1.21E+03,2.528694357
1.21E+03,2.533607992
1.21E+03,2.537759171
1.21E+03,2.542120527
1.21E+03,2.54635953
1.21E+03,2.550323887
1.21E+03,2.554390418
1.21E+03,2.559158109
1.22E+03,2.562802772
1.22E+03,2.566907125
1.22E+03,2.570649399
1.22E+03,2.574933084
1.22E+03,2.578897876
1.22E+03,2.583615746
1.22E+03,2.587550909
1.21E+03,2.59123239
1.21E+03,2.594797703
1.21E+03,2.599175294
1.21E+03,2.604553919
1.21E+03,2.609100398
1.21E+03,2.613321731
1.21E+03,2.617339252
1.21E+03,2.620641604
1.20E+03,2.625041087
1.20E+03,2.628990803
1.20E+03,2.633349261
1.20E+03,2.636786885
1.20E+03,2.640161114
1.20E+03,2.641634909
1.20E+03,2.645537509
1.20E+03,2.65007331
1.19E+03,2.653584689
1.19E+03,2.656014499
1.19E+03,2.659630156
1.19E+03,2.662278616
1.19E+03,2.666008228
1.19E+03,2.667995249
1.19E+03,2.670662502
1.19E+03,2.674360725
1.18E+03,2.677353601
1.18E+03,2.681184866
1.18E+03,2.681893275
1.18E+03,2.687385808
1.18E+03,2.692302521
1.18E+03,2.695902983
1.18E+03,2.700235603
1.18E+03,2.704367267
1.17E+03,2.70932611
1.17E+03,2.714289263
1.17E+03,2.716582907
1.17E+03,2.719811894
1.17E+03,2.7228289
1.17E+03,2.726655092
1.17E+03,2.730429934
1.17E+03,2.735602971
1.16E+03,2.740045855
1.16E+03,2.743436932
1.16E+03,2.748231067
1.16E+03,2.752176642
1.16E+03,2.758924982
1.16E+03,2.763705778
1.16E+03,2.767648678
1.16E+03,2.771722304
1.15E+03,2.776285137
1.15E+03,2.779708657
1.15E+03,2.784626349
1.15E+03,2.786851611
1.15E+03,2.790854723
1.15E+03,2.794914046
1.15E+03,2.79910914
1.15E+03,2.804021946
1.15E+03,2.809596342
1.14E+03,2.81507051
1.14E+03,2.817635036
1.14E+03,2.821048985
1.14E+03,2.824721327
1.14E+03,2.829010026
1.14E+03,2.833076637
1.14E+03,2.835820016
1.14E+03,2.841088359
1.13E+03,2.84756538
1.13E+03,2.852116303
1.13E+03,2.854203986
1.13E+03,2.857178295
1.13E+03,2.857997483
1.13E+03,2.862312278
1.13E+03,2.866208391
1.13E+03,2.870932346
1.12E+03,2.876147435
1.12E+03,2.880290982
1.12E+03,2.884350083
1.12E+03,2.888852438
1.12E+03,2.892618169
1.12E+03,2.89743475
1.12E+03,2.902437458
1.12E+03,2.906854968
1.11E+03,2.910420228
1.11E+03,2.915683538
1.11E+03,2.920903572
1.11E+03,2.925704533
1.11E+03,2.929937419
1.11E+03,2.934225265
1.11E+03,2.939382503
1.11E+03,2.943812009
1.10E+03,2.948088591
1.10E+03,2.951643991
1.10E+03,2.956355415
1.10E+03,2.960668187
1.10E+03,2.964423462
1.10E+03,2.968489907
1.10E+03,2.973297334
1.10E+03,2.977537459
1.10E+03,2.982035021
1.09E+03,2.986680344
1.09E+03,2.991569697
1.09E+03,2.9964974
1.09E+03,3.001841408
1.09E+03,2.999867824
1.09E+03,2.996257369
1.09E+03,2.990668181
1.09E+03,2.98455607
1.08E+03,2.978987937
1.08E+03,2.972342549
1.08E+03,2.965458532
1.08E+03,2.958704278
1.08E+03,2.952794864
1.08E+03,2.947167083
1.08E+03,2.939648923
1.08E+03,2.932277171
1.07E+03,2.92508942
1.07E+03,2.917774563
1.07E+03,2.910098291
1.07E+03,2.901566255
1.07E+03,2.894936594
1.07E+03,2.887590859
1.07E+03,2.878303502
1.07E+03,2.869506295
1.06E+03,2.863182614
1.06E+03,2.855566944
1.06E+03,2.848230512
1.06E+03,2.841658805
1.06E+03,2.832630115
1.06E+03,2.825947607
1.06E+03,2.81957473
1.06E+03,2.812552876
1.05E+03,2.805030424
1.05E+03,2.798243157
1.05E+03,2.790454555
1.05E+03,2.7823259
1.05E+03,2.773498063
1.05E+03,2.765002523
1.05E+03,2.75729815
1.05E+03,2.749350379
1.04E+03,2.739986981
1.04E+03,2.731290216
1.04E+03,2.721288489
1.04E+03,2.711123795
1.04E+03,2.703307976
1.04E+03,2.694518682
1.04E+03,2.685319327
1.04E+03,2.67791924
1.04E+03,2.669035847
1.03E+03,2.66028752
1.03E+03,2.652373612
1.03E+03,2.643067662
1.03E+03,2.634138671
1.03E+03,2.625442205
1.03E+03,2.617429703
1.03E+03,2.609505407
1.03E+03,2.602700429
1.02E+03,2.594715444
1.02E+03,2.585668915
1.02E+03,2.575909952
1.02E+03,2.572562609
1.02E+03,2.566484985
1.02E+03,2.560304008
1.02E+03,2.55574806
1.02E+03,2.54939199
1.01E+03,2.540462746
1.01E+03,2.531868841
1.01E+03,2.523327964
1.01E+03,2.515651476
1.01E+03,2.504837853
1.01E+03,2.496864084
1.01E+03,2.490211533
1.01E+03,2.481114849
1.00E+03,2.469673594
1.00E+03,2.460202415
1.00E+03,2.451493226
1.00E+03,2.441240499
1.00E+03,2.432386208
9.98E+02,2.422818088
9.97E+02,2.412775444
9.96E+02,2.401446036
9.95E+02,2.387722184
9.93E+02,2.377238478
9.92E+02,2.370381134
9.91E+02,2.360919674
9.90E+02,2.350287568
9.89E+02,2.341033879
9.87E+02,2.331967551
9.86E+02,2.321728886
9.85E+02,2.309667209
9.84E+02,2.292959679
9.83E+02,2.284239151
9.81E+02,2.274060353
9.80E+02,2.264691529
9.79E+02,2.25622257
9.78E+02,2.245692517
9.77E+02,2.23614259
9.75E+02,2.225868334
9.74E+02,2.215168653
9.73E+02,2.205212487
9.72E+02,2.195638721
9.70E+02,2.179162418
9.69E+02,2.168287946
9.68E+02,2.158073771
9.67E+02,2.147406081
9.65E+02,2.137942795
9.64E+02,2.128366954
9.63E+02,2.118510746
9.62E+02,2.108736475
9.61E+02,2.09797152
9.59E+02,2.087157203
9.58E+02,2.078102132
9.57E+02,2.067729427
9.56E+02,2.057699568
9.54E+02,2.048746635
9.53E+02,2.039505728
9.52E+02,2.030186278
9.51E+02,2.019773261
9.50E+02,2.009935064
9.48E+02,1.999980239
9.47E+02,1.988228428
9.46E+02,1.977680311
9.45E+02,1.965717936
9.44E+02,1.953852869
9.42E+02,1.944397187
9.41E+02,1.933216149
9.40E+02,1.923075399
9.39E+02,1.912733181
9.37E+02,1.899144742
9.36E+02,1.890864589
9.35E+02,1.88002217
9.34E+02,1.869930254
9.33E+02,1.860138665
9.31E+02,1.850196517
9.30E+02,1.840432634
9.29E+02,1.834244534
9.28E+02,1.824964378
9.27E+02,1.813961213
9.25E+02,1.80351768
9.24E+02,1.797854238
9.23E+02,1.789512037
9.22E+02,1.781871793
9.20E+02,1.773215638
9.19E+02,1.764399053
9.18E+02,1.753196541
9.17E+02,1.72994242
9.16E+02,1.720020721
9.14E+02,1.710188218
9.13E+02,1.700049707
9.12E+02,1.692423518
9.11E+02,1.681896708
9.09E+02,1.672101739
9.08E+02,1.664422987
9.07E+02,1.653845639
9.06E+02,1.645685223
9.04E+02,1.6357775
9.03E+02,1.629274906
9.02E+02,1.61933484
9.01E+02,1.613270523
9.00E+02,1.592181978
8.98E+02,1.584113231
8.97E+02,1.573570555
8.96E+02,1.56759164
8.95E+02,1.555608886
8.93E+02,1.554572619
8.92E+02,1.535311846
8.91E+02,1.540783307
8.90E+02,1.531080205
8.89E+02,1.520484319
8.87E+02,1.507393547
8.86E+02,1.487189865
8.85E+02,1.439872778
8.84E+02,1.425886046
8.83E+02,1.415729531
8.81E+02,1.398585412
8.80E+02,1.384736815
8.79E+02,1.377140627
8.78E+02,1.369712414
8.76E+02,1.362438553
8.75E+02,1.354571696
8.74E+02,1.351239752
8.73E+02,1.349914608
8.71E+02,1.350231732
8.70E+02,1.338777116
8.69E+02,1.333369679
8.68E+02,1.33277082
8.67E+02,1.324390707
8.65E+02,1.339650952
8.64E+02,1.319107934
8.63E+02,1.332398463
8.62E+02,1.330170582
8.61E+02,1.325484671
8.59E+02,1.319782906
8.58E+02,1.314991136
8.57E+02,1.310184816
8.56E+02,1.307537754
8.54E+02,1.306330223
8.53E+02,1.309235504
8.52E+02,1.378366463
8.51E+02,1.345281372
8.50E+02,1.319780202
8.48E+02,1.310062331
8.47E+02,1.305017996
8.46E+02,1.291963267
8.45E+02,1.285359244
8.43E+02,1.263646482
8.42E+02,1.244529705
8.41E+02,1.235046416
8.40E+02,1.231694326
8.39E+02,1.227697784
8.37E+02,1.225138115
8.36E+02,1.227354689
8.35E+02,1.215822027
8.34E+02,1.209420103
8.33E+02,1.210540828
8.31E+02,1.205024815
8.30E+02,1.201424711
8.29E+02,1.207310882
8.28E+02,1.20311805
8.26E+02,1.195185938
8.25E+02,1.187550895
8.24E+02,1.184174796
8.23E+02,1.179022388
8.21E+02,1.170858753
8.20E+02,1.16875757
8.19E+02,1.16404398
8.18E+02,1.157091227
8.17E+02,1.150267238
8.15E+02,1.145463056
8.14E+02,1.139177354
8.13E+02,1.137232543
8.12E+02,1.132263533
8.11E+02,1.129018924
8.09E+02,1.12290234
8.08E+02,1.121648138
8.07E+02,1.119087881
8.06E+02,1.118915515
8.04E+02,1.10891935
8.03E+02,1.104640043
8.02E+02,1.102579475
8.01E+02,1.093395767
8.00E+02,1.087710804
7.98E+02,1.088042484
7.97E+02,1.084662771
7.96E+02,1.080781564
7.95E+02,1.077956983
7.93E+02,1.074350823
7.92E+02,1.070924769
7.91E+02,1.065197906
7.90E+02,1.06167447
7.89E+02,1.05905992
7.87E+02,1.054519215
7.86E+02,1.047792985
7.85E+02,1.04529559
7.84E+02,1.040990974
7.82E+02,1.036926174
7.81E+02,1.031440783
7.80E+02,1.028166455
7.79E+02,1.024348133
7.78E+02,1.029054076
7.76E+02,1.022620936
7.75E+02,1.005398892
7.74E+02,0.984254004
7.73E+02,0.933922377
7.72E+02,0.611823322
7.70E+02,0.583974142
7.69E+02,0.555493598
7.68E+02,0.535957337
7.67E+02,0.525591156
7.65E+02,0.514129194
7.64E+02,0.504126825
7.63E+02,0.504228161
7.62E+02,0.498006027
7.60E+02,0.49433106
7.59E+02,0.487140073
7.58E+02,0.483354755
7.57E+02,0.478433301
7.56E+02,0.477575434
7.54E+02,0.478538936
7.53E+02,0.475413876
7.52E+02,0.472072592
7.51E+02,0.471419046
7.50E+02,0.465493047
7.48E+02,0.461050045
7.47E+02,0.456291012
7.46E+02,0.454200255
7.45E+02,0.449841111
7.43E+02,0.445987427
7.42E+02,0.437761341
7.41E+02,0.437520992
7.40E+02,0.430341326
7.39E+02,0.423071138
7.37E+02,0.414742777
7.36E+02,0.411458078
7.35E+02,0.400767078
7.34E+02,0.407662275
7.32E+02,0.399616446
7.31E+02,0.399170444
7.30E+02,0.401177649
7.29E+02,0.388289343
7.28E+02,0.379688326
7.26E+02,0.37797885
7.25E+02,0.376093124
7.24E+02,0.376572943
7.23E+02,0.373257277
7.22E+02,0.364264248
7.20E+02,0.356055319
7.19E+02,0.359281166
7.18E+02,0.358948161
7.17E+02,0.346746205
7.15E+02,0.349975529
7.14E+02,0.348407095
7.13E+02,0.344547295
7.12E+02,0.337572463
7.11E+02,0.32618752
7.09E+02,0.330364456
7.08E+02,0.328608924
7.07E+02,0.322513481
7.06E+02,0.318136825
7.04E+02,0.313116888
7.03E+02,0.308152759
7.02E+02,0.309511359
7.01E+02,0.308979089
7.00E+02,0.306675238
6.98E+02,0.3087782
6.97E+02,0.300824526
6.96E+02,0.29869679
6.95E+02,0.290917892
6.93E+02,0.283062527
6.92E+02,0.280241366
6.91E+02,0.283796088
6.90E+02,0.284061935
6.89E+02,0.289771059
6.87E+02,0.273077006
6.86E+02,0.26850964
6.85E+02,0.272989227
6.84E+02,0.263686714
6.83E+02,0.259719276
6.81E+02,0.263045405
6.80E+02,0.260412009
6.79E+02,0.269161163
6.78E+02,0.25376264
6.76E+02,0.249556166
6.75E+02,0.252243135
6.74E+02,0.244856042
6.73E+02,0.252830709
6.72E+02,0.258803164
6.70E+02,0.253550496
6.69E+02,0.254477743
6.68E+02,0.253293895
6.67E+02,0.255998858
6.65E+02,0.245576327
6.64E+02,0.244429283
6.63E+02,0.234897504
6.62E+02,0.231377573
6.61E+02,0.240379241
6.59E+02,0.238113376
6.58E+02,0.230820467
6.57E+02,0.21768762
6.56E+02,0.223783212
6.54E+02,0.211348313
6.53E+02,0.218904
6.52E+02,0.205166456
6.51E+02,0.207307379
6.50E+02,0.204890172
6.48E+02,0.198995595
6.47E+02,0.199184517
6.46E+02,0.195588619
6.45E+02,0.193049425
6.44E+02,0.190490817
6.42E+02,0.18861973
6.41E+02,0.185959817
6.40E+02,0.183547419
6.39E+02,0.177585842
6.37E+02,0.17345871
6.36E+02,0.164761971
6.35E+02,0.158347412
6.34E+02,0.160804852
6.32E+02,0.166922154
6.31E+02,0.159457704
6.30E+02,0.154827342
6.29E+02,0.151413063
6.28E+02,0.156659377
6.26E+02,0.157204339
6.25E+02,0.152479759
6.24E+02,0.154731553
6.23E+02,0.154284563
6.22E+02,0.156861888
6.20E+02,0.157571598
6.19E+02,0.156239523
6.18E+02,0.156892756
6.17E+02,0.152871803
6.15E+02,0.139734612
6.14E+02,0.132212606
6.13E+02,0.123971137
6.12E+02,0.114850414
6.11E+02,0.109822115
6.09E+02,0.107238469
6.08E+02,0.101255466
6.07E+02,0.095458785
6.06E+02,0.093963165
6.05E+02,0.0826109
6.03E+02,0.079205855
6.02E+02,0.075044495
6.01E+02,0.06574959
6.00E+02,0.065488589
5.98E+02,0.065932459
5.97E+02,0.055693998
5.96E+02,0.056508472
5.95E+02,0.054559435
5.94E+02,0.048697721
5.92E+02,0.044077783
5.91E+02,0.040918256
5.90E+02,0.037899183
5.89E+02,0.045952445
5.87E+02,0.029484019
5.86E+02,0.021238516
5.85E+02,0.01716987
5.84E+02,0.012045075
5.83E+02,0.012405245
5.81E+02,0.013785733
5.80E+02,0.005706754
5.79E+02,0.00167315
5.78E+02,-0.002257282
5.76E+02,-0.004204629
5.75E+02,-0.009920156
5.74E+02,-0.018674296
5.73E+02,-0.024095688
5.72E+02,-0.023588023
5.71E+02,-0.02342014
5.69E+02,-0.03685583
5.68E+02,0.000791432
5.67E+02,0.08226031
5.66E+02,0.079451872
5.64E+02,0.170946949
5.63E+02,0.206457514
5.62E+02,0.197968817
5.61E+02,0.194042883
5.59E+02,0.187796438
5.58E+02,0.182883221
5.57E+02,0.234145089
5.56E+02,0.202433005
5.55E+02,0.224101402
5.53E+02,0.271317582
5.52E+02,0.321165784
5.51E+02,0.325105188
5.50E+02,0.337999248
5.48E+02,0.414841035
5.47E+02,0.474077355
5.46E+02,0.463485367
5.45E+02,0.453640883
5.44E+02,0.438078537
5.42E+02,0.440709513
5.41E+02,0.448409322
5.40E+02,0.450479747
5.39E+02,0.446978848
5.37E+02,0.468226479
5.36E+02,0.494338295
5.35E+02,0.503544604
5.34E+02,0.997154757
5.33E+02,0.980737731
5.31E+02,0.971665796
5.30E+02,0.961249858
5.29E+02,0.95524361
5.28E+02,0.977096306
5.26E+02,1.001090879
5.25E+02,1.003976812
5.24E+02,1.002514222
5.23E+02,1.000155884
5.22E+02,1.021293104
5.20E+02,1.01542305
5.19E+02,1.012518766
5.18E+02,1.002800834
5.17E+02,1.004645039
5.16E+02,1.003448899
5.14E+02,1.003504046
5.13E+02,1.002658415
5.12E+02,0.995804493
5.11E+02,1.00109911
5.10E+02,0.995305225
5.08E+02,0.993072285
5.07E+02,0.980976328
5.06E+02,0.98481907
5.05E+02,0.977912277
5.03E+02,0.979663443
5.02E+02,0.957105284
5.01E+02,0.961680549
5.00E+02,0.964918164
4.98E+02,0.930806908
4.97E+02,0.492967712
4.96E+02,-0.609391266
4.95E+02,-0.769192806
4.94E+02,-0.947431094
4.92E+02,-1.053100504
4.91E+02,-1.13709462
4.90E+02,-1.217395746
4.89E+02,-1.501442038
4.88E+02,-1.687397023
4.86E+02,-2.720922171
4.85E+02,-2.4388979
4.84E+02,-1.676056262
4.83E+02,-1.375512875
4.81E+02,-1.244336857
4.80E+02,-1.171489684
4.79E+02,-1.164013385
4.78E+02,-1.082207594
4.77E+02,-1.017510634
4.75E+02,-0.969761058
4.74E+02,-0.868318473
4.73E+02,-0.866180488
4.72E+02,-0.796130623
4.70E+02,-0.778086285
4.69E+02,-0.73970985
4.68E+02,-0.708289133
4.67E+02,-0.669829825
4.66E+02,-0.661663053
4.64E+02,-0.624452152
4.63E+02,-0.600927613
4.62E+02,-0.581780437
4.61E+02,-0.566995134
4.59E+02,-0.555526589
4.58E+02,-0.538433498
4.57E+02,-0.518047411
4.56E+02,-0.494154351
4.55E+02,-0.478222196
4.53E+02,-0.468979889
4.52E+02,-0.450391724
4.51E+02,-0.443117621
4.50E+02,-0.412208356
4.49E+02,-0.407635015
4.47E+02,-0.37645797
4.46E+02,-0.353670493
4.45E+02,-0.339196162
4.44E+02,-0.320859123
4.42E+02,-0.30337927
4.41E+02,-0.289472069
4.40E+02,-0.286292364
4.39E+02,-0.276576922
4.38E+02,-0.2736211
4.36E+02,-0.265561833
4.35E+02,-0.255453948
4.34E+02,-0.254350695
4.33E+02,-0.247569157
4.32E+02,-0.238992141
4.30E+02,-0.23098215
4.29E+02,-0.228277769
4.28E+02,-0.222971113
4.27E+02,-0.213464927
4.25E+02,-0.206875811
4.24E+02,-0.198455802
4.23E+02,-0.194530203
4.22E+02,-0.189278067
4.21E+02,-0.183376689
4.19E+02,-0.174142399
4.18E+02,-0.170255529
4.17E+02,-0.160690864
4.16E+02,-0.159346801
4.14E+02,-0.158972259
4.13E+02,-0.156340365
4.12E+02,-0.146569929
4.11E+02,-0.143727086
4.10E+02,-0.137956145
4.08E+02,-0.134158174
4.07E+02,-0.132849657
4.06E+02,-0.123616154
4.05E+02,-0.119352271
4.04E+02,-0.109862623
4.02E+02,-0.108508539
4.01E+02,-0.105479634
4.00E+02,-0.100934754
3.99E+02,-0.103205958
3.97E+02,-0.102394844
3.96E+02,-0.100916838
3.95E+02,-0.095364506
3.94E+02,-0.097734706
3.93E+02,-0.100581652
3.91E+02,-0.100622441
3.90E+02,-0.096515039
3.89E+02,-0.096233475
3.88E+02,-0.087512664
3.86E+02,-0.08139298
3.85E+02,-0.079648155
3.84E+02,-0.076182035
3.83E+02,-0.067788565
3.82E+02,-0.063868343
3.80E+02,-0.061283536
3.79E+02,-0.053848357
3.78E+02,-0.04622485
3.77E+02,-0.040791317
3.75E+02,-0.03593738
3.74E+02,-0.032241807
3.73E+02,-0.024426024
3.72E+02,-0.019315116
3.71E+02,-0.012214723
3.69E+02,-0.012170905
3.68E+02,-0.00738914
3.67E+02,-0.00054773
3.66E+02,0.005849034
3.65E+02,0.01274614
3.63E+02,0.01862603
3.62E+02,0.023572608
3.61E+02,0.030908435
3.60E+02,0.034122889
3.58E+02,0.040794922
3.57E+02,0.043862313
3.56E+02,0.048537742
3.55E+02,0.052998111
3.54E+02,0.057813632
3.52E+02,0.057051496
3.51E+02,0.061944928
3.50E+02,0.065851484
3.49E+02,0.071254035
3.48E+02,0.073007872
3.46E+02,0.075591848
3.45E+02,0.077749699
3.44E+02,0.0802992
3.43E+02,0.083721862
3.41E+02,0.082984885
3.40E+02,0.084519441
3.39E+02,0.081525526
3.38E+02,0.094162506
3.37E+02,0.096408374
3.35E+02,0.100205758
3.34E+02,0.100045737
3.33E+02,0.105307467
3.32E+02,0.109373668
3.30E+02,0.114141412
3.29E+02,0.115622492
3.28E+02,0.119215296
3.27E+02,0.117468838
3.26E+02,0.117946083
3.24E+02,0.124457598
3.23E+02,0.127020848
3.22E+02,0.130132016
3.21E+02,0.131677678
3.19E+02,0.129836458
3.18E+02,0.13247134
3.17E+02,0.13207453
3.16E+02,0.132829087
3.15E+02,0.132959569
3.13E+02,0.13531842
3.12E+02,0.137057728
3.11E+02,0.137995583
3.10E+02,0.140148706
3.09E+02,0.143492886
3.07E+02,0.148016517
3.06E+02,0.152452856
3.05E+02,0.15111907
3.04E+02,0.15382736
3.02E+02,0.158062907
3.01E+02,0.159704618
3.00E+02,0.157855519
2.99E+02,0.162352883
2.98E+02,0.164547352
2.96E+02,0.165948185
2.95E+02,0.168493653
2.94E+02,0.169890352
2.93E+02,0.170096182
2.92E+02,0.172604099
2.90E+02,0.174774801
2.89E+02,0.17756449
2.88E+02,0.18141451
2.87E+02,0.180439578
2.85E+02,0.183237662
2.84E+02,0.184085835
2.83E+02,0.182146346
2.82E+02,0.186572982
2.81E+02,0.190015248
2.79E+02,0.193227592
2.78E+02,0.198878026
2.77E+02,0.203457178
2.76E+02,0.207891153
2.74E+02,0.210051385
2.73E+02,0.208976907
2.72E+02,0.210266872
2.71E+02,0.212930066
2.70E+02,0.214998472
2.68E+02,0.215201464
2.67E+02,0.21529274
2.66E+02,0.211221491
2.65E+02,0.20343108
2.64E+02,0.191044756
2.62E+02,0.181863016
2.61E+02,0.17319851
2.60E+02,0.164113035
2.59E+02,0.155708824
2.57E+02,0.148568416
2.56E+02,0.139972544
2.55E+02,0.132951255
2.54E+02,0.127536933
2.53E+02,0.121084256
2.51E+02,0.116020984
2.50E+02,0.112627118
2.49E+02,0.1098265
2.48E+02,0.107934772
2.46E+02,0.106629731
2.45E+02,0.107215398
2.44E+02,0.108240196
2.43E+02,0.108108843
2.41E+02,0.109201117
2.40E+02,0.110852228
2.39E+02,0.112571825
2.38E+02,0.113305808
2.37E+02,0.11600702
2.36E+02,0.116910118
2.34E+02,0.119588413
2.33E+02,0.121943416
2.32E+02,0.121938497
2.31E+02,0.124999208
2.29E+02,0.127877738
2.28E+02,0.128339484
2.27E+02,0.131212727
2.26E+02,0.132440928
2.24E+02,0.13510147
2.23E+02,0.134498405
2.22E+02,0.141649158
2.21E+02,0.148580754
2.20E+02,0.152304554
2.18E+02,0.156321647
2.17E+02,0.160160784
2.16E+02,0.163806968
2.15E+02,0.166621315
2.14E+02,0.169301098
2.12E+02,0.172268033
2.11E+02,0.174257566
2.10E+02,0.176870552
2.09E+02,0.179892315
2.07E+02,0.182187744
2.06E+02,0.183536034
2.05E+02,0.184856034
2.04E+02,0.187277279
2.03E+02,0.189852028
2.01E+02,0.192415786
2.00E+02,0.195490891
1.99E+02,0.19981275
1.98E+02,0.202329991
1.97E+02,0.204236141
1.95E+02,0.208215551
1.94E+02,0.210815146
1.93E+02,0.213753832
1.92E+02,0.216031765
1.90E+02,0.218436504
1.89E+02,0.243626553
1.88E+02,0.250561491
1.87E+02,0.255979829
1.86E+02,0.26050928
1.84E+02,0.264005594
1.83E+02,0.267200133
1.82E+02,0.271858792
1.81E+02,0.273835012
1.80E+02,0.271295957
1.78E+02,0.269355309
1.77E+02,0.269016958
1.76E+02,0.270029821
1.75E+02,0.271603957
1.73E+02,0.27197025
1.72E+02,0.273761953
1.71E+02,0.274134055
1.70E+02,0.276551411
1.68E+02,0.278055426
1.67E+02,0.279436734
1.66E+02,0.281588273
1.65E+02,0.283394185
1.64E+02,0.285425425
1.62E+02,0.287168407
1.61E+02,0.289800252
1.60E+02,0.291896522
1.59E+02,0.294222336
1.58E+02,0.296382149
1.56E+02,0.298163988
1.55E+02,0.30090186
1.54E+02,0.301453443
1.53E+02,0.304385388
1.52E+02,0.306006831
1.50E+02,0.309407002
1.49E+02,0.310797148
1.48E+02,0.31353336
1.46E+02,0.315589174
1.45E+02,0.317891462
1.44E+02,0.320904496
1.43E+02,0.322492194
1.41E+02,0.324334732
1.40E+02,0.327556519
1.39E+02,0.331487223
1.38E+02,0.333512565
1.37E+02,0.336516769
1.35E+02,0.339458
1.34E+02,0.341716971
1.33E+02,0.344538848
1.32E+02,0.361623782
1.31E+02,0.369642148
1.29E+02,0.374778397
1.28E+02,0.376470925
1.27E+02,0.378466038
1.26E+02,0.380753048
1.24E+02,0.382042811
1.23E+02,0.383183564
1.22E+02,0.385181959
1.21E+02,0.386455623
1.20E+02,0.387298152
1.18E+02,0.38873867
1.17E+02,0.38978146
1.16E+02,0.39239548
1.15E+02,0.392292889
1.13E+02,0.394836246
1.12E+02,0.395904834
1.11E+02,0.397011364
1.10E+02,0.398855405
1.09E+02,0.399870407
1.07E+02,0.400604467
1.06E+02,0.401356247
1.05E+02,0.403048419
1.04E+02,0.40418932
1.03E+02,0.405585046
1.01E+02,0.406815147
1.00E+02,0.388593857
9.89E+01,0.408814516
9.77E+01,0.410564335
9.65E+01,0.412029231
9.52E+01,0.412949504
9.41E+01,0.414180204
9.30E+01,0.412223931
9.18E+01,0.409924674
9.06E+01,0.414075435
8.93E+01,0.415587774
8.81E+01,0.416115376
8.69E+01,0.417648862
8.57E+01,0.418137157
8.45E+01,0.418969127
8.32E+01,0.423002601
8.21E+01,0.41669242
8.08E+01,0.421149984
7.96E+01,0.413670349
7.84E+01,0.427599861
7.72E+01,0.434041043
7.60E+01,0.42855592
7.47E+01,0.432067073
7.36E+01,0.43274295
7.24E+01,0.43269677
7.11E+01,0.436081189
6.99E+01,0.435700108
6.87E+01,0.436012447
6.75E+01,0.438389013
6.62E+01,0.437821566
6.53E+01,0.440314037
6.40E+01,0.439410544
6.28E+01,0.441943233
6.16E+01,0.445659771
6.04E+01,0.446700851
5.92E+01,0.450507914
5.80E+01,0.448678345
5.67E+01,0.450060873
5.55E+01,0.454505521
5.43E+01,0.457076874
5.31E+01,0.455897471
5.19E+01,0.451993098
5.07E+01,0.459820238
4.94E+01,0.462403539
4.83E+01,0.464022363
4.70E+01,0.465502861
4.58E+01,0.468535632
4.46E+01,0.469363336
4.34E+01,0.47091418
4.22E+01,0.473995417
4.10E+01,0.477431664
3.97E+01,0.477189434
3.85E+01,0.482025596
3.73E+01,0.483237153
3.61E+01,0.484162125
3.49E+01,0.487043867
3.36E+01,0.489144645
3.24E+01,0.488995499
3.11E+01,0.490872487
3.00E+01,0.492205786
2.88E+01,0.492856314
2.76E+01,0.493407438
2.64E+01,0.495827993
2.51E+01,0.495456082
2.39E+01,0.497057705
2.27E+01,0.497560162
2.15E+01,0.498285598
2.03E+01,0.497675744
1.90E+01,0.499472356
1.78E+01,0.500004441
1.66E+01,0.499972029
1.54E+01,0.500770641
1.42E+01,0.500697154
1.29E+01,0.503834927
1.17E+01,0.506592965
1.05E+01,0.504727693
9.27E+00,0.507970634
8.05E+00,0.508358526
6.85E+00,0.510074806
5.64E+00,0.509667358
4.40E+00,0.511805315
3.21E+00,0.513021857
1.98E+00,0.513873475
7.43E-01,0.519149256
-4.83E-01,0.517157879
-1.66E+00,0.521538575
-2.90E+00,0.523132169
-4.09E+00,0.529720429
-5.32E+00,0.518908574
-6.53E+00,0.518089176
-7.77E+00,0.511381963
-8.98E+00,0.510725393
-1.02E+01,0.520902297
-1.14E+01,0.523113418
-1.26E+01,0.519168179
-1.38E+01,0.522888604
-1.50E+01,0.5227351
-1.63E+01,0.518091021
-1.75E+01,0.521374527
-1.87E+01,0.525564094
-1.99E+01,0.516954131
-2.11E+01,0.519611317
-2.23E+01,0.525413347
-2.35E+01,0.524516202
-2.47E+01,0.517570233
-2.60E+01,0.528983381
-2.71E+01,0.524523081
-2.84E+01,0.524492448
-2.96E+01,0.524840316
-3.08E+01,0.525775751
-3.20E+01,0.525226913
-3.32E+01,0.526582337
-3.45E+01,0.526932021
-3.57E+01,0.527384204
-3.69E+01,0.527746642
-3.81E+01,0.529715427
-3.93E+01,0.530806006
-4.06E+01,0.531982407
-4.18E+01,0.532190959
-4.30E+01,0.534008455
-4.42E+01,0.535805097
-4.54E+01,0.535623198
-4.66E+01,0.536451371
-4.79E+01,0.534924242
-4.91E+01,0.539018607
-5.02E+01,0.538851111
-5.15E+01,0.541631157
-5.27E+01,0.543387033
-5.39E+01,0.543338189
-5.51E+01,0.545700278
-5.63E+01,0.547177109
-5.75E+01,0.547064367
-5.88E+01,0.548390401
-5.99E+01,0.549641843
-6.12E+01,0.549234701
-6.24E+01,0.550814683
-6.36E+01,0.551180432
-6.49E+01,0.550399101
-6.61E+01,0.553354273
-6.73E+01,0.554196988
-6.85E+01,0.555300659
-6.97E+01,0.555961204
-7.09E+01,0.557721409
-7.21E+01,0.556805147
-7.33E+01,0.558499171
-7.45E+01,0.558167885
-7.58E+01,0.559139292
-7.70E+01,0.56020383
-7.82E+01,0.562569535
-7.94E+01,0.56477705
-8.07E+01,0.566178134
-8.19E+01,0.566663714
-8.30E+01,0.566549675
-8.43E+01,0.567347202
-8.55E+01,0.56676842
-8.67E+01,0.568956271
-8.79E+01,0.567968199
-8.91E+01,0.56935916
-9.04E+01,0.569536593
-9.16E+01,0.56885971
-9.28E+01,0.570799005
-9.40E+01,0.56940809
-9.52E+01,0.56981208
-9.64E+01,0.5699497
-9.76E+01,0.571123945
-9.88E+01,0.5718888
-1.00E+02,0.569599427
-1.01E+02,0.570027668
-1.02E+02,0.571821757
-1.04E+02,0.570168258
-1.05E+02,0.570782203
-1.06E+02,0.571772982
-1.07E+02,0.571704407
-1.09E+02,0.57049367
-1.10E+02,0.571114735
-1.11E+02,0.570953108
-1.12E+02,0.571294599
-1.13E+02,0.572039375
-1.15E+02,0.571564431
-1.16E+02,0.572553429
-1.17E+02,0.571351003
-1.18E+02,0.571809535
-1.20E+02,0.571766928
-1.21E+02,0.571468448
-1.22E+02,0.572709931
-1.23E+02,0.572630932
-1.24E+02,0.572583758
-1.26E+02,0.573000014
-1.27E+02,0.572123019
-1.28E+02,0.571928252
-1.29E+02,0.572310257
-1.30E+02,0.571840032
-1.32E+02,0.573086606
-1.33E+02,0.572247814
-1.34E+02,0.573338392
-1.35E+02,0.573937334
-1.37E+02,0.571672503
-1.38E+02,0.572978769
-1.39E+02,0.574371853
-1.40E+02,0.57327923
-1.41E+02,0.573805492
-1.43E+02,0.574010074
-1.44E+02,0.574809058
-1.45E+02,0.575817923
-1.46E+02,0.57516278
-1.47E+02,0.575571956
-1.49E+02,0.575998964
-1.50E+02,0.575902457
-1.51E+02,0.575926556
-1.52E+02,0.576372683
-1.54E+02,0.575363606
-1.55E+02,0.575763596
-1.56E+02,0.575804313
-1.57E+02,0.578191851
-1.58E+02,0.576069745
-1.60E+02,0.576803392
,0.57638927
,0.576773241
,0.578014821
,0.57753718
,0.578142295
,0.578445281
,0.579447231
,0.577283219
,0.57944277
,0.580097432
,0.579402279
,0.58112532
,0.581436708
,0.581250518
,0.582675378
,0.583222926
,0.584604382
,0.583592069
,0.584530456
,0.586468814
,0.587069037
,0.586436513
,0.587218935
,0.587299706
,0.588713622
,0.588677009
,0.586785167
,0.585934247
,0.587393713
,0.590570901
,0.59096003
,0.591281811
,0.59306288
,0.595095031
,0.595751102
,0.598159172
,0.597310182
,0.598365412
,0.597515399
,0.603336568
,0.605987419
,0.607215613
,0.607555167
,0.608777445
,0.610378312
,0.612708219
,0.615061627
,0.615668984
,0.618632797
,0.61963221
,0.620958457
,0.624708238
,0.625513497
,0.628483341
,0.630504353
,0.633116535
,0.63431138
,0.634726389
,0.638478574
,0.639415064
,0.640786231
,0.642928048
,0.645402618
,0.647278688
,0.649020612
,0.651160215
,0.653144276
,0.654616391
,0.657926534
,0.660863297
,0.662182104
,0.661319543
,0.66642587
,0.668888513
,0.671268303
,0.672753886
,0.674510901
,0.677728283
,0.677520724
,0.679609118
,0.686929364
,0.690612626
,0.688617257
,0.69310689
,0.696140761
,0.697748964
,0.699440785
,0.702244888
,0.705877049
,0.707272455
,0.710407391
,0.713799899
,0.713295697
,0.715621832
,0.718128101
,0.722868608
,0.725921102
,0.736278948
,0.734219343
,0.736499924
,0.739410779
,0.742382508
,0.744734252
,0.747606925
,0.750511095
,0.753124318
,0.756722654
,0.759222748
,0.762505186
,0.766645623
,0.768821546
,0.772328089
,0.774356503
,0.777781871
,0.781153118
,0.784710274
,0.787075106
,0.789227916
,0.792799385
,0.796112876
,0.796857989
,0.798387711
,0.798999943
,0.798092125
,0.797223278
,0.795984791
,0.792911971
,0.791027405
,0.791260843
,0.792636437
,0.795014249
,0.796089332
,0.797013054
,0.803819423
,0.801405151
,0.808337055
,0.809602469
,0.81304937
,0.818700388
,0.823124566
,0.828545702
,0.833122431
,0.836958317
,0.839994431
,0.851581747
,0.85733135
,0.868494084
,0.881134908
,0.886369162
,0.889240337
,0.891740063
,0.89650577
,0.898203002
,0.901757103
